user_address,balance_wei,balance_readable
0xb37804da77e48e4c8ad0b285c0f629ac00e78a8c,0,0.0
0x25f4f1361b3a60ddaa0cc525917a7a23665e7b65,5549430000000000000000,5549.43
0x07d54f345bd7496f4fa488b066bdc835e696e7c9,6090000000000000000,6.09
0x850b87d03a705cfcbd46b1be9a540ac4f553a032,1320000000000000000,1.32
0x72ffc9cd20191b8d0d6cca45c3fef2965f07e952,0,0.0
0x033570604dc96a1f99d3bec81fb6cc6f76bd76c2,0,0.0
0x02dc0dadf938d66d41676d8288514a41435eefa1,0,0.0
0xcd92b68b5513936870b12a9ad3f6b15254c2d6d5,5800000000000000000,5.8
0xc159d3d4220cd69e2510def5be299338ea9e82a6,27620000000000000000,27.62
0x62dde6fd2808c383b5e387bc3deb5d43cf8899c6,12680000000000000000,12.68
0x8233586495a3d0ba488cd1bb52ec61480c4e45aa,0,0.0
0x8d02a0d569c4854da39e9b507bfa16ef14eec8ba,243290000000000000000,243.29
0x3879bc7564e762c730111a41180b4273f3473ab7,98470000000000000000,98.47
0xb277e08e37306a613ac5341d59047caf8aab8984,8000000000000000000,8.0
0x23c4e433414383f40290d14a39ba768ef84c26a2,0,0.0
0xeef4cbfdcf9acbc39cced73b207f4f675f50daf9,0,0.0
0xa400578a66fdf4049fd007e1cc56f0b860c59772,1040000000000000000,1.04
0xb6656062101ebabdecc76d742fcdc7ff8629de71,109950000000000000000,109.95
0xc053cb130408c19c852a9b72ce0b447a2557ee9d,0,0.0
0xb689e314448724548af8b4b8a03f93ea2b9597f8,320000000000000000,0.32
0x4da3bb576c3029c2148f786e1c0a6c10a746e0b1,1019820000000000000000,1019.82
0x2fc80e3c5173671dd97a0da17217d5c65a77891c,12610000000000000000,12.61
0x89a0c668c33be2a6a1089a0af2eea0ddc30c4796,91120000000000000000,91.12
0x84d7de16189dab5abc7ddd5aa293445d3f8cd25d,490100000000000000000,490.1
0x6f8633e91a2aefa1e02839a5050d7eb25bef92af,0,0.0
0xe0fe641a4b7554944409367369a8708e4fc8c083,168850000000000000000,168.85
0x105a9906671263f769dab75e54537d44cb0fdd11,0,0.0
0x9fbd231045675ee720b213643c3fc5d52d257281,93250000000000000000,93.25
0xf448f229de049b979094ce99147ef89049382c08,99710000000000000000,99.71
0xb50f05767ce20bd186ec49c646619bb642b656b4,65800000000000000000,65.8
0x805534f8a157e75a096be3868eafb191ca0abef7,0,0.0
0xeb3e78dd812cef1a80201bf36d9aee1399269114,0,0.0
0x9cee65d9f69b1b0b8de96bf71ff214f64e7d8a4a,0,0.0
0x1f0a1ca8847865c049a56db974b5a61c176654c4,70350000000000000000,70.35
0x8d722e43dbc796a45e73d9c072f6ced67874922c,129030000000000000000,129.03
0xfef83854bf445232ae6f273eb973cbcab8efe52e,0,0.0
0xc3b5533cfed62c10e8fc04aecbd4bd09312841d0,3008510000000000000000,3008.51
0x90e5cc4b52d7cc851412fbf8c2509a2c6e3ceee8,70810000000000000000,70.81
0x31e18e5bf8c3979fb5ef6e425931e05b779ff5ef,1080000000000000000,1.08
0x1647d3e64b78ccfe87724e5f3fa2e0f1d7a4f63a,0,0.0
0x0c26276011275e0d4712723bfdbc737ec54c3bc7,129250000000000000000,129.25
0x422a3445eb174ae119212a7337a6137900c312bd,28190000000000000000,28.19
0x8d39cd81716f6659d9f6dbfd01c58117762bc9a2,0,0.0
0x8802315310a9d471a624a47e4e7860b92ac5dcf9,0,0.0
0xf57875c9ba562a59cc0a0891bc19ba0fccd24580,840000000000000000,0.84
0x9fdb9fc5215e6d5423777cd0f1a11dbc588e3158,0,0.0
0x755b35bd48bd9f339defe13a42f653b4077e456c,428840000000000000000,428.84
0x78987ba498075d40ef5fc067f379437a67c1957e,0,0.0
0x7ba274e2371a48dee2a57c27c788384b279eae7b,101360000000000000000,101.36
0x17632f6cab83fa798ecbc885026f8ca209c483ba,373470000000000000000,373.47
0x78e98027d667aa538a0738bfdbafa9acbdc4927d,275690000000000000000,275.69
0xe308dae81527362c39398a535a2ae5df1d98884b,220230000000000000000,220.23
0x413afd270b7b5e5fbf6e07b841c9fc1c33c1330b,62160000000000000000,62.16
0xdd1ab312078e41e3b2171c1618029985ea19e44a,56200000000000000000,56.2
0x86eadf17016eb2be6187e222110773d358396b3d,0,0.0
0xb1d6684abc1383cb6eff2d656c7e965e0e9ec3d5,2083910000000000000000,2083.91
0x0619ea70068a1686f54aca2f5903d6e24afdc1f8,913090000000000000000,913.09
0x8f623d6be8d0230983a12a1a9615f76172cd5293,11560000000000000000,11.56
0x8d8eec1f093046b3344dd6cad83934aff6ca1a63,0,0.0
0x950c1f99431ae23ab81989a3af873cef35739532,6157960000000000000000,6157.96
0x2fa385b8cfef2f3a5f54ece7b267d7445ad47253,0,0.0
0x47db2e4886ad9cf8fd767edccbc3de5ed6bd21e3,0,0.0
0xf41b6f863c00a4b48d76d74f1ae322a54e0d9e80,191670000000000000000,191.67
0x90a443ad72d91a042cec1e1404cfa396f90171ad,105670000000000000000,105.67
0x06cc8197a05cc6dcc13db25b2a7c26fcc41b8513,760000000000000000,0.76
0x98fbd43b022aa22526d26def6f2b2b18d1686f10,920000000000000000,0.92
0xbaf0cdcc24fe20824f6aa0c8575dcaaf4d47d869,23540000000000000000,23.54
0xae8ce93be9e740132895794ea6741b61bd596e52,860000000000000000,0.86
0xc27b2850725c4df379bba8e0d2498c40c37c12e1,17860000000000000000,17.86
0x6bc83d2061627ccca91c76c757a17f9bd3599f01,0,0.0
0x1f9fd33a1304a90073d46635c29b6801e8cd5a03,12120000000000000000,12.12
0x1a2e56909883ac8fb0520567f963422839d09b6b,0,0.0
0xf36b2e8a518c7546e8294c70f2afaba721444206,0,0.0
0x1573de6ca721254df215c80ace3fbe50b99b4dc9,0,0.0
0x033ba0f5ac89da505f3d18e995ba0dd74c368345,35460000000000000000,35.46
0xf01795951e42c02a7b3b2c7845fe3246c2506cbe,5760000000000000000,5.76
0xc0c6af7d2ddf18c047d3723b85ebfe0316fac8e2,10020000000000000000,10.02
0x44e9d011df8741be2493e99297e9ad67bb1aa85b,24710000000000000000,24.71
0xe531e2313fc1ce765fd1df703d476965c94881cb,0,0.0
0xa11defd6b32a413288a9191f745949540c40055e,10170000000000000000,10.17
0xb9e927758a0dfda592acfc0245929f1ea5d13ff3,1616340000000000000000,1616.34
0xcc5684c3dc8381b73dc2fe655a07df6bbfdf6ac9,145280000000000000000,145.28
0x826b3944c39f6acde1743fd5ad65ab21b09c5c76,926430000000000000000,926.43
0x37e8aaf0211502d3ffe8d63eb47597d7936a728e,6050000000000000000,6.05
0x550a2f5868f03112dfd72b41a470fe78fd5eeb07,0,0.0
0xa586a06248244f0bd50376d2d30976d37dde981f,138020000000000000000,138.02
0xbc939e16947c47db739c8e5b95bb548d694a5700,0,0.0
0xdbc388bf67579b9644f230e04758c859739d39c1,0,0.0
0x182d9db13e29938c7fe6863b2b7a579a0c7e3511,26200000000000000000,26.2
0x0a27bd47e6f40034a9aea7ced7b0749d39a5d3cb,4260000000000000000,4.26
0x6bd532cd3a723e8ce649aef26c07ccab56cb2f6f,6930000000000000000,6.93
0xa397bb304689bbe8ab9cd83a934bd962b532a259,1330430000000000000000,1330.43
0x115eaecd709eee946e9cce6932547dde47726646,9720000000000000000,9.72
0x228789d2bfcf5ed41ebd8d3c98d96e860a3dc9fe,546930000000000000000,546.93
0x4e29fa5ee5857122b19ce95608f68ad953ee3a89,534900000000000000000,534.9
0xc65522542dd6b9be9b59a7fad9fb5b45ee7657ef,727280000000000000000,727.28
0xf2a6d62d07656a8a6e9803c174d3e1690dcc52e5,0,0.0
0xb2942edbf04a164a308367123d9d362358043dd3,22560000000000000000,22.56
0xa55812a80aea477f8a8820435af0685da8c0c65d,26590000000000000000,26.59
0x9ff8c274cbf5465ea6bd130ad6b05e7696f3fc3d,0,0.0
0x36b9b5c014abe25bd3316ebba27fda3d4f34fb4f,0,0.0
0x5665ee3a3151a8c01f4a023508eda9f4166c244b,13040000000000000000,13.04
0x4e3f00487f61421af7e430d421ffdf119777bef5,106640000000000000000,106.64
0xecc99bf7a1b60207f0205655247f3ab39b53fbe2,0,0.0
0xa1411edd2ad6ef3d38645a55fda3654d6ee62d40,600000000000000000,0.6
0xd756b75624df5b854d5ebba181af8845db5360bd,15180000000000000000,15.18
0xf8f1927efa5e3eb506a14b1eacccf59db3e71868,0,0.0
0x08cb75486de7190b85334c2a4cd52d2981bb9deb,1780000000000000000,1.78
0x30714d0a81f3e710aec890ef5f4781e7ca0d338c,1560000000000000000,1.56
0x520f3afd4d156e71fc26f330aca6f89e083ff524,12650000000000000000,12.65
0xafd98e36fcc17c0102e33233180e2d1e032bc1f3,10460000000000000000,10.46
0x8a3c0e8c9f7bfe8fe71bb963b1bb499445c62e49,720000000000000000,0.72
0x87047f8a5d1b8c8e7f84ce6f4079d2c586b1eb4a,0,0.0
0xe583abca6c3cabe978f60dcfb04eec1f1c4be209,160470000000000000000,160.47
0x7336cca73cc435bad0a444adf9f327dbc7b97e7c,6340000000000000000,6.34
0xd435ac16828eb479134a82f30d7473259924843a,1001130000000000000000,1001.13
0xae5a29b88bab8262ec061171b4be9ebada14ac74,70500000000000000000,70.5
0x9684058dbd7dbd3f4a924a5aff330348f4087d48,10860000000000000000,10.86
0x9568cb6041377562397c44a25292567790b013cf,39630000000000000000,39.63
0xf8baf2541defab76f2c344ff10cd6d4ef74d3432,157330000000000000000,157.33
0xd6086983a55c4a7bb178313fe0c7610d2bd4aa3b,52710000000000000000,52.71
0x0cb335711741ce4fb16aa98ce8d6f5e284723bb8,0,0.0
0x96d10190142db35997be23c6f6609de05923e644,0,0.0
0x665b8ab1526ff81fa5a900779c101601666f0a7b,155080000000000000000,155.08
0x7d3539dd4e430c27e61ad97ecb6389723896903f,0,0.0
0x70c251f6a34f721b3733816e5a4134c9c9000d0d,512480000000000000000,512.48
0xc13a9ec721f33e3fdd2d7ea98daefbc08786651a,0,0.0
0xfaeec1c1f3dcee110c189a80cf0cbdef0d6ecdee,472800000000000000000,472.8
0x190ad96c20f62ad3d1462d127c931fada528ea83,840000000000000000,0.84
0xd5d3a1198850546366b1876a27eb69b477315025,0,0.0
0x269a5f5b673784169dc83af10c6b2bcebbf0897b,0,0.0
0x3cb3d4b78e215ed9e3184f66e739681ac696029d,301780000000000000000,301.78
0x9b4942cf3ebf97e8e5777f6e25e7d1005a165158,2178880000000000000000,2178.88
0x0ac2ff8b391c30ed9bb61faf2e26b9890bf4f8ca,0,0.0
0xc82922e0d871c7730f57dfb9942b5b56903760a6,1933680000000000000000,1933.68
0x5b8ed598503bb14f54093600681d7fae5373a204,3820000000000000000,3.82
0xb57c511e8851a9fc4e1c776f8980b8d2a97ae3a2,270300000000000000000,270.3
0xfb0d2f95038f6b768566ec0926172b44407eeeeb,262360000000000000000,262.36
0xfe0b71026a100338d6a58d32f45857a83c08e5c6,0,0.0
0x39c31a899662da8bba43862c82c8ba531dc61390,0,0.0
0x7b0215e067ea62e7d25b69593f5bde6068c240c0,36400000000000000000,36.4
0xb68606199ea1b9fda18d0784c69220f637065421,20930000000000000000,20.93
0xf195bf47791739d82203d1e4540709cbadc26273,0,0.0
0xd1096c0afa0bbe58191016bcfbe885b601edc9f6,0,0.0
0x640425b7d91943d3a625ffea3da4dd58426a26cf,0,0.0
0xd040baeb020692d62a0ec7811fb6be9b96f9844e,16960000000000000000,16.96
0x88dcad01503edbcd0795d332f9c3744304a71a15,0,0.0
0x0457b4770be362c6009a9eb4ba9da5b913a6fe27,5070000000000000000,5.07
0xf46f179ad48e5f2a69f35f95040d9ab3a224a321,341710000000000000000,341.71
0xea61766a21d9422350856594b49256745cd8cb08,0,0.0
0xc0f2951ef2d750ae78c269986a75b70637ab5511,37460000000000000000,37.46
0xc3fba3fe6bdf1c2cf72a34c7f21ebcd67561b79b,12340000000000000000,12.34
0x6e292e8ef9b8df5b40197e50275cb18c5042c24f,4970000000000000000,4.97
0x407afe1e87bf741293d47e562b107a633e678562,831110000000000000000,831.11
0x179ddb3b9cdb02f29d54404cdbb96e768a357fa0,0,0.0
0xc8f6cc31b42b989f54b631e7333cd0fd5ccdd0bf,0,0.0
0x416ce639d53af3ced5e6006b3261311d3a506270,0,0.0
0xe05bfc65e8cad364f9b70c55b04450565e7a08e2,0,0.0
0x76770652bc4456f40730c3b4142d781d70a87ff8,0,0.0
0x64480f8ec096477ef7d079b2061f6cf5e0406884,760000000000000000,0.76
0xff1c896f0438d6cb5bb94413ed3a2c019c0ddc39,0,0.0
0x714b3cebcc5d5aebcc4ea193f1f2ef6cb1fa4e21,1370000000000000000,1.37
0xeae800c6c589881f774f8add539fd718f3e28743,248410000000000000000,248.41
0xe852c2cabf517470f58f544b589af948976b41fe,0,0.0
0x55ff029081be56bb68629ec8a83bef225f3ab4b5,148120000000000000000,148.12
0x6e079ae92ba1715debec0b8133e9b95911ec81b8,0,0.0
0x9e97bef0a1b29ae991846c3de9a1ad5b1a5d7c0d,2030000000000000000,2.03
0xe7c3bf0ff7939ca4b723d6297f5dc06051f4ec2c,6240000000000000000,6.24
0x62a5c221bc7db2db6a73e43ed22ea097d478e6c9,34950000000000000000,34.95
0x5912cadf8fa0f643a048d1763d4659f3f14c5842,3620000000000000000,3.62
0x04a7d374ab8c637d71c2611ad7f1573bad7cace8,1320000000000000000,1.32
0x2e43cd38599ec1efd35e7df1fb048ed47fe35c98,0,0.0
0x0c2c40f59d416d17879508fb977aabf05c7a51f6,2767490000000000000000,2767.49
0xa092538df8da26581109eda587ea129586d9d796,1500000000000000000,1.5
0x5bb1f71095f8a5e6fd09bd34bf1e3f721891cb73,131770000000000000000,131.77
0x48dc986cfb47b5a4eb09d06cec304149c5d1b81c,0,0.0
0xe51eaf4bf89e9c60045fe3b971a13ad9ec48eb5f,16860000000000000000,16.86
0x67928372e025316f5b21f8fea5029027eb7d7415,191900000000000000000,191.9
0x335a443b9110bd635780fdc74790b6eff19a1f9c,0,0.0
0x4be33b367cd205aeff78c2394b5b09d5405d2082,3800000000000000000,3.8
0xa5f8043c3af5398128aa95fe5e9aa359e1b6fcce,104600000000000000000,104.6
0x1bb974c8e27c612c63ae20df8107c34d7a4d17c8,602590000000000000000,602.59
0x8ca5e7a775b40a5b90a5f4ec11ab2d1e56d3b742,0,0.0
0xa7817f4c59b07e08c77b2474b8f14a657bc73d4e,0,0.0
0xe9c7039004017e187cf1e52a42cf48a1835cbd16,235470000000000000000,235.47
0x8180809b8d59fea7062fbb8316a6df17ffcae9cc,473030000000000000000,473.03
0x24e61a7781863d1cb6caa6265401e39a850b4552,2990000000000000000,2.99
0x873b20de41341ef0d25be7dc5f050bb78a676306,0,0.0
0xd30e32250e6b509c8ca5a5a72dbfbc5860718329,113620000000000000000,113.62
0x794d1b195d55457c3aad0248248a3cf8a1d08c84,284430000000000000000,284.43
0x1804a857dc6ea1a67704f885dceb76a02f6de688,285110000000000000000,285.11
0x373ef2a3795e111004919d6d95e9787b1acb35b3,7830000000000000000,7.83
0xd3d9c64efa7781f43c2a681245b35b242aedc0c4,0,0.0
0xbad29a92ca1bedcd6c17b3917bcd38d71fd25370,22140000000000000000,22.14
0x32cb32c66ed6ac092d12632a5bc6a78e8efde8e0,419470000000000000000,419.47
0xf6ec90961cb684a5e99e79ab36f80d672f284b8a,700000000000000000,0.7
0xde8d50d9479dcf391a862f26ba0ddabc69d4003b,0,0.0
0x0c9f2b49481a478684b2e9f0f158b750dbd4183f,211030000000000000000,211.03
0xad1dc2bed093dfbb8e9fc4a1d1ff7d7d19797112,191590000000000000000,191.59
0x8cbc8b3070d1bd53499b81562fbbcc0bb08bd83f,118350000000000000000,118.35
0xfcbd83a733d381776b76e1b9c8895d41016c2513,108290000000000000000,108.29
0x78e71715fdb1511d8c0e101e28d5e2ecee18f6c2,383040000000000000000,383.04
0x88368ffb8fa6a4f653002f86a34955b7b344eb58,0,0.0
0x6b46d77ce1e85aed2c50bf91aac72c7c3356f786,5930000000000000000,5.93
0x6dabdffe3b2cfdcf4f2a90d0ee5a2de476f61fc1,3276920000000000000000,3276.92
0x7c74fb19437564fa1e6de7761e8f9c0a927f1c18,0,0.0
0xc64ba33d634d33f7ccbc909550cf0719b7a6476f,0,0.0
0x62a8fa898f6f58a0c59f67b0c2684849de68bf12,1280000000000000000,1.28
0x78b05688beb478a03160cd757806d0893407bdc1,2480000000000000000,2.48
0x37483a852a0b8c2cd840b946fbf4fc8e3d6d6fb3,720000000000000000,0.72
0x5dddfaf5ad9a84068dbaf804eb44985cbc2deead,31370000000000000000,31.37
0x4096e0279347dcd6bb9a9dde3f114159434675ee,0,0.0
0xa14eb9db77a9261582d2ee1bc2679b4497e4390e,860000000000000000,0.86
0x1a3c68075c47b4b547caa725228250ce33909cb0,0,0.0
0x153e3ebdc4440c51c431bd8ebc681f064cab1db6,61600000000000000000,61.6
0x9a8a74f0b1dd90960ed9c22c9050bbe2d705e12a,3610000000000000000,3.61
0xd815b81d46eb128dd5e538bd23ef838869cddc57,27740000000000000000,27.74
0x6e1eff1a24d9486359120cca4fb719d12ace1959,239480000000000000000,239.48
0x8882808e8101dd6d8371ffb7c5a4156de04f2df5,0,0.0
0x407320b17ed489770a87f7631759b3b461bb1816,37970000000000000000,37.97
0x97d84361104152305ca89bd94bcb5a489aa23b87,380000000000000000,0.38
0x348c6a77fd9715ad6747a2cfa8b6b35e87361a84,0,0.0
0xe290f548e601406ec679f406766cb603605d9b90,2220000000000000000,2.22
0x9e672980a06de614fd4ae764121f126473a56155,0,0.0
0xdd72dc6e3aa5ac106fa9c595910675ae032659c5,0,0.0
0x3d0de3a76cd9f856664dc5a3adfd4056e45da9ed,12270000000000000000,12.27
0xd0515e209f68f6052573b98760d75239545a83da,0,0.0
0xcdd1472ebe2e8d4a0a2982b208f71524385098f5,5740000000000000000,5.74
0x3d8250ac679dcfd1e90c29e7a64ab5013645e579,0,0.0
0x37d721dfcd1d7cf2baffcd0c83c9da03bd4fdeaf,0,0.0
0x30bf4a5ae182f41a5028d6bb219120de5779e8e5,0,0.0
0x0c234d4464f21d4b1820be50800b23565708762c,0,0.0
0xc1991dd9fb0a995a8480e8978813187c1cdd6483,0,0.0
0x2aeb8bcea852ff5fcbfae26e42f732485e8ec2d7,10120000000000000000,10.12
0xa63363cbf1e8a3d0a468842fd12d364d95abb8d2,0,0.0
0x8b223a13b001687512f8646dc5206ec1d7b7463f,47230000000000000000,47.23
0x30444714f1470823c1072d1ed4c09eba2399d5bd,0,0.0
0xe0a9ab8dfe08bbb2e12ebbbc249673cd530630b4,10470000000000000000,10.47
0xb901f551e33da7ff3f3a889c11796426ab44dd2a,13070000000000000000,13.07
0xc6a26a71156c65357e4971816258b93f5fd387dc,0,0.0
0xa6bdb7468f369f07048fc706259f8dc09d40816b,15570000000000000000,15.57
0xeeca2eee9d6c895267dec9fc1c8e1e62c99e79b6,5820000000000000000,5.82
0xb7663db38058a752b45010aa2d1e86684bb691be,112000000000000000000,112.0
0x80ab460ea904b677589bd858ee01143237c4abba,2397610000000000000000,2397.61
0x04749499d2ce73f8b167cabcf1df7762e32ccfec,1740000000000000000,1.74
0xbe3c55fcc7e47bf443c78c28262ee1a149b66dc4,20570000000000000000,20.57
0x76867e1eac6a3ccd29ea81eff4a713067bc386b5,0,0.0
0x4db5f9e5fe22937a1758962b05362913d12137f1,0,0.0
0x443d3f065eb7ba60e24bde92bba408391a1a6175,5720000000000000000,5.72
0x3e9ab2f00bba4fa9ad295989a43b9d1af8cd01e1,0,0.0
0x8a5ee8277a6ab6e94f5fc7b5556d7a4ad524649b,680000000000000000,0.68
0xc5028790d73646a63f044debdac696c027d83b2d,668500000000000000000,668.5
0xf370eaf549fbbed6b4bb243744e7d497de427aec,0,0.0
0xa5ba67fce750bec3c4fd37e2d894b1ae46e2dcf7,0,0.0
0x5ba0368f6d0cf136147eaf9a4d4b34ef9fc923be,0,0.0
0x7d8fe54d41257e783caf6de2880817aa4b991786,151960000000000000000,151.96
0x0bb0af9604e4c48da73fe6a08efdef5b13bc0fa0,0,0.0
0x420944b441715e34dd672ae0eb4526a7ad7d1eef,37090000000000000000,37.09
0xdc884ce28edd4af6578e5864c13d1cec3b17a2fe,0,0.0
0xd9220ad7ea62c002dea06eae81042a02ea5e31ea,0,0.0
0x3ce4fd2a539da442b0b81e7e17cc96e03da2e37a,0,0.0
0xa101e5dc74b3d2d981f5552419166874b4d9ef01,0,0.0
0x8bd091ddb56da56871152b8defa1ea6eee899337,0,0.0
0x0fb56426708cc97ce2993f2d731c449733812a22,61190000000000000000,61.19
0xd0b2a3752e17191d41b8fa33f11314cfc2035fdd,251480000000000000000,251.48
0x885e35cf26ed66a342bb58f8f1769a5495c5a314,0,0.0
0xefdfee4e9b7fc64481898244df6a803b889ec873,132170000000000000000,132.17
0x5943664330a9f4c1f25944fe102a2f2e45cfaeba,14610000000000000000,14.61
0x2e10f351688e9651b180273e93b39bbd227230e0,200700000000000000000,200.7
0xac02a9f447069fc566b8f7a86b603957fcfe2e3b,0,0.0
0x66890fe78c86644d89986fc1b14c5f3a56029ffd,2203510000000000000000,2203.51
0xf33888447d0c9b505615a76524fba9490ea4fbbe,1381290000000000000000,1381.29
0xb9b94a138a4b3cf982dfbf8685b6652fda5051b4,0,0.0
0xe4728d68cb313059c09986366bbeb358e8cac450,0,0.0
0x7d022802447c037839acd6d276136085ad95c2ce,0,0.0
0x1cc78988ca62fd0431f86a80b38fc4db865f0897,2010000000000000000,2.01
0x6539148f875e450c2ddfeb82c3c9458e77904721,2001670000000000000000,2001.67
0x0dfad89ab6bb91897f26b4353c2d051b457b18e2,455920000000000000000,455.92
0x8e0181195453bfe30afb3fda513a198cbab663c4,9440000000000000000,9.44
0x57b6771cdd64e00584e476b99821d8613fc43030,940920000000000000000,940.92
0x53c2587a7001d42d1d6cbc0d21e256e2bc27f66f,51320000000000000000,51.32
0xba97dcb8ca66c08b12f341a572dd0eda40ad73ff,14670000000000000000,14.67
0x093efdb8bff0a91a12009302bffa8ee66c30e430,0,0.0
0x814990b8b39e137e467d302d8798765bcbc16739,33150000000000000000,33.15
0x0540101c14072c787f87d67ac7d2a591d77d95f9,0,0.0
0xb2af994ddc2111990dadd2a89ab21e5ae1d3b20e,170540000000000000000,170.54
0xaa317ea02fa738ab85523888e791277b68a7c434,4350000000000000000,4.35
0x4b7fbad8241ee4234fd8534753b69fd91276a375,0,0.0
0x65d6bebf0089b57cdbcd9efc48af65fed0ad95f9,220120000000000000000,220.12
0xb6bfb65ec3e2420d1daf460c941e24f4e3fceb4b,0,0.0
0x5fc873faa3003b316715ac1501572718c1e85e3f,33960000000000000000,33.96
0x274dd17ce89a92ba6dcbad0b0f4426807f284ec2,1500000000000000000,1.5
0x86f21bfcf07e6b82af6a01527091e54e373648aa,153680000000000000000,153.68
0x634804f9808e9cf347e3f52c528b430df005ec32,1320000000000000000,1.32
0xcc551ecd4b0fba16aae88e094817a5abc22e6e79,359340000000000000000,359.34
0x8744e7f0fab5b06436307f258497777c41f75f06,31290000000000000000,31.29
0xf79c108fe2103f52c21c4063153605e351cb3d4d,0,0.0
0xca2426c457080f274c859f6a543a5d78b5e4a585,0,0.0
0x71ca66e64d1a7564e13519e5577bccaf4fa2ad2b,340010000000000000000,340.01
0x15c397e64ed9fbc436a896c580085b38983e00b0,0,0.0
0xa1403e816302c975c008ab2ff784296914aba46d,0,0.0
0x9b3062e8910bc148264a3c761363d5fb2c7e9a06,83650000000000000000,83.65
0x21021a33af8872c357433e3799b8b036eecc2549,3100000000000000000,3.1
0xca6776cd74d209c6090aa10db51d8ec4b2bb04eb,3043750000000000000000,3043.75
0xbaec1570630c499c2bc44810ac466f89d7d0b081,159960000000000000000,159.96
0x015e265c80c26d65d65b245b350cbd881daf61d2,24920000000000000000,24.92
0x7a3623f6752c25aaf01934d0f35eba187026bf42,19220000000000000000,19.22
0x5dc0145cf938703a58ac3ced9ff5977384981099,5150000000000000000,5.15
0xe749e93e86862caed188a967896dbfe5cab396d0,16930000000000000000,16.93
0xa9afdf445cf90e364bc4c2f21d1ee84e72cce7bd,784000000000000000000,784.0
0xb0ef1f2753ec6e860ea49f61c7dac2462c16f03e,2620000000000000000,2.62
0x0183f0ac28e287cbbba6ef10dc01dc4c9a62e524,2100000000000000000,2.1
0xc806173f17d03fa5175c948a3cd65e3cc2a5e428,218000000000000000000,218.0
0xfeb483fc3196f2dabfeaa5f18474e7db3def56b2,0,0.0
0x071ec7214bbf83077488bd503f5e8993534d895c,0,0.0
0xdb632e7b52311a99d1bb438f1edcbf168b5693b0,493420000000000000000,493.42
0x0e75eabd04986a8fb0b8cb30d6dd069c86e5e142,0,0.0
0xd869549882d885f94e18b8fa0c9ebbae76f4de09,3040000000000000000,3.04
0x063ebeff8fed3b09af055fce29433be05dceaeaa,32700000000000000000,32.7
0x95704a8eaa68fef7c775f25b7f6d43884810124d,700000000000000000,0.7
0x11212242ba29e3544b7fe2bd18ae328914b0ec5e,105080000000000000000,105.08
0xdadd0897d8e399fb4b9221994a7a4bfe638105e6,1953880000000000000000,1953.88
0xc7841c7e889e8119c78110abec4df305a4f32434,0,0.0
0x3791d4491be85270f5235714365af2ca9072fa61,19140000000000000000,19.14
0x72f259cf9c1c37caf7d2bde05b2e0b5c1f749801,9320000000000000000,9.32
0x24c4547305fd47286d843656d8468dc9d941e685,3760000000000000000,3.76
0xd3ff12b700ac4513576216cce88f99578bb17737,41810000000000000000,41.81
0x7c634ef8bd04a3231723ea314bf8acc35ec61297,0,0.0
0x4719c8fa592f0e3e583bac0416a78ebeca8c30ca,0,0.0
0x8b281c0fa39cb4f38d8cd315e7046969f3a1f5a5,0,0.0
0x6cb4119a22f9a86a2d8af0393dedb84de92888d2,3510000000000000000,3.51
0x429b6dca07fe2b1b4c078bc1544e5c8eb5028fbb,0,0.0
0x7f0834d214cf3e1ce18dac5b429e38becf2291b3,20770000000000000000,20.77
0xac228782dd0dfe312db149fb914f577c55de7a77,0,0.0
0x65c93103eb55971fb5262a649eb942c16f5545d9,11940000000000000000,11.94
0x1739ca7eac637f461b0cc37754f11d4df498140f,0,0.0
0x07944b3a256f40f05f6df74c1dc5a47abefc0828,0,0.0
0xf290f1582bed3a25e40c8cc3a58c54c3ad3027da,1042510000000000000000,1042.51
0x02af4051ec4dab406804a586430084efd673cf11,52270000000000000000,52.27
0xa03616a969119be6d0b79d5f22caa2b3a7c972f3,1300000000000000000,1.3
0xf96c4ac582d57f41c9fedd7aedd8c3a0e2e6516e,0,0.0
0x4d5254c9e5e2966ec688107e0e7cf226fb705ec7,0,0.0
0x6d472f67385526373a0802e4d494319a3f684e8c,0,0.0
0xd9ea40b7b49fa005e5bf243528772d2ca32c24f8,1040000000000000000,1.04
0x3f3ae20f3db871343f91b1da85b8f1da9db732d7,5900000000000000000,5.9
0xd67b9c201d9b9003e8d703e280eadc6dc496f72d,29710000000000000000,29.71
0xb9ec4e1886adeefa95cb4d13873dc420dfe6b583,18756860000000000000000,18756.86
0xa9abe50bbfb3aef8760dc1695fae20b1552d0b2a,0,0.0
0x1ecfe2d9d45e1c08f7501c5c2cd046ac0da47f9d,0,0.0
0x35f72cfac6c76d40b47ad674d6c448cb539f6ec6,375620000000000000000,375.62
0x5e38573a59c8254fc41197917790620ec23f7b34,696030000000000000000,696.03
0xf9e9d488adc848fefc5eff30d450fb60922c9e28,17360000000000000000,17.36
0xe0870cfd5cf08a4460014e156842904ef579a61d,0,0.0
0x99e763ee6f480c9876714e2eb3aa8d29e860fd2f,9369540000000000000000,9369.54
0xe65bfb0cade026e2046005fa8bba116236128cda,514490000000000000000,514.49
0x942540ca73cd9b8f116ad7f84880089baec3f83b,87910000000000000000,87.91
0x1a6f342e7a0cd2a0ffbf044d7bcfbd8e0306b8b8,40700000000000000000,40.7
0xb0b77b7a1bfa48d650cff4dc2af4064ea168e5b9,0,0.0
0x3a321db3ebffd3dcd6c565302bb934174e2d1eab,10580000000000000000,10.58
0xddccba10c53f50c5e653f9d287859a080c3e3b21,227640000000000000000,227.64
0x5a59ff9a7b9fc7745c20b085551e6606e5b226b1,0,0.0
0x0450d0e88967a3a224d912666283dfa17f9f2590,294860000000000000000,294.86
0x0b3ac4a8672276163182078339053921a5c6a6d0,640000000000000000,0.64
0xeb210258ce54bc3813a60450acd256c87205c3b5,0,0.0
0xc040648a7f6c55733a5d2562cca2acdda4ed872e,0,0.0
0x6c50a64d132883f907160aadc409d732741834ff,0,0.0
0x1c0e7abb2d63fc645579b03ad3afab65fa00fa68,0,0.0
0xf4d876423c050273386a8a9e233ff570155c5821,1620000000000000000,1.62
0x9f11fb0d3d4386156256401209a73f735468e4e9,2200860000000000000000,2200.86
0x8acc68a87538e30e3bc43ecae5b36321abd9840e,72470000000000000000,72.47
0xf2f9122a1b3aaeaaa486fff249a97a262d534e24,7320000000000000000,7.32
0xfb961089dad18257d397a23b4d2b00111174a2bc,2700000000000000000,2.7
0xf30623d28bce93bd4ccddc85801fd2fabf958cbe,0,0.0
0x7b5d76b901e77a3c59633c2de3c0fc47a767c394,12060000000000000000,12.06
0x6e4eb24194c6f2487bce229416d9928062398c4e,126880000000000000000,126.88
0xe62f3d6b12a6ab80479bc836c9882828dd53d5b9,186130000000000000000,186.13
0xb9d361a4497ba209e53041e551cddf60338516d4,42140000000000000000,42.14
0xd7773878d0c3c632a2d5942a6412a61d5f52e157,0,0.0
0x36c3a576ed3a0204cae4faf61d285bb974b38c7e,0,0.0
0xa12d69011892365f46f3c14133d1886addaf252f,62460000000000000000,62.46
0xd7731bfff6860450f6a63348a1d6234081f05450,144920000000000000000,144.92
0x8f2cf6a29daeccd027201806f26a76c590177594,0,0.0
0x9c2fce79e2ecaff2edf0491a51587bc99bc1df37,0,0.0
0x76544ececf659919862d4de778a2f11c60836861,0,0.0
0x9675388d337a4ec6477c618b260c6c330b9608db,0,0.0
0x218c96a56ec455f607529d417ba346b2d759a497,0,0.0
0xc82bd088cc48d0dbe59c393bf6c62e4382efa574,20528080000000000000000,20528.08
0x4670c3795caaf8cde5c84ae26933d992f48a3df9,0,0.0
0x71de3aa29c5b12914d3c7fd783462648c705e0d6,802420000000000000000,802.42
0xa1491a497e995b3dce34006e7ddce4af286a1f94,2280000000000000000,2.28
0x8fe8dafeb266ffd6288b3f8ba84cc0d173059d20,0,0.0
0x6c1c16dea62ed16ce8c60c804adff306222f9a89,114960000000000000000,114.96
0xa58740b0bd208efad0a4f74b7be46bd933922c4c,1070840000000000000000,1070.84
0x027b40b52f3093eb7f465b8b07694a8cebb36c40,0,0.0
0x68c614f225b932c0414ab20b73ff66fee8bd1659,1420000000000000000,1.42
0x3a50e070c8690465284551361ca89e5aa3027264,0,0.0
0xe316b17079457774fa3250ca32d915880b664de8,55670000000000000000,55.67
0xa706f6e6967cd25ed79e596a8debe49e31fa8aee,71380000000000000000,71.38
0x5af5165b85b9885969eede525963cf726b83b540,2664960000000000000000,2664.96
0x9e685db524cc431a30958c02e4b5dd57a125b755,84080000000000000000,84.08
0xfd7846f77e41bbdae1bce61b2bb361ee04216cb7,0,0.0
0xba29222975cd522750adccb63e99f1a57da29827,22760000000000000000,22.76
0x28c974c18c6553b445c4b77f35d83f3499acf58f,0,0.0
0xae6f098921567c17d484f5e5fe7bd989debdeec0,2050000000000000000,2.05
0x07776e786b274f8392abf2bb4d038a4f73fb34cb,12320000000000000000,12.32
0x6ffaa8b83e384f103810f308bd409db902d30052,190150000000000000000,190.15
0xbeb4d8d30bb99cfbd14c315812c3b05f0bdf31c0,1140090000000000000000,1140.09
0x9f6f33149fcb1a24de8054b35c90ebfb9ab4b132,0,0.0
0xcff7ffdbdc371771f4a6026cf8adf8ae10412b02,0,0.0
0xe39306340a2bb39854420410835d85a7054905ef,31950000000000000000,31.95
0xd607e7e4e5b42d008b9e1417d19fbc5a49d0ddd1,360560000000000000000,360.56
0xff3fc4f586316a7a6fc9d05977cc05d570e1935b,102490000000000000000,102.49
0xe7dc100100f80e7304c683c836a533a5b895303f,1218360000000000000000,1218.36
0x8842fec5d33633719216b3ce15c53978af653f11,0,0.0
0x5fccb8558b43082c2665e57bb44742c68b8031a0,547050000000000000000,547.05
0xcd076ab2eb4dab81a1cf2b4d68887edf5525f570,191250000000000000000,191.25
0x3a006d8db1e6055e98becb749728fdc79b14babd,7750000000000000000,7.75
0x25fe0d5469b8b3a746176c108993ae8025705c6b,0,0.0
0x1473dab7d910e252db5a95aef043c7bb229275b0,13990000000000000000,13.99
0x94ce8872909f75ebc5ae1922f442704902142730,7890000000000000000,7.89
0x4854549267e8780acee12e290c2c52d094b514eb,0,0.0
0xddca57140b9dec51ba8b96326f2abd0d4bc31623,626460000000000000000,626.46
0xe2886cf64e4c1fbd1b2076e1d3fbda6d6771f588,0,0.0
0xdce595898e49bab2f00600c359363df6bbecba8e,0,0.0
0x536a72ab6af37268b26ecf6c6f3b08d88ef0babb,25740000000000000000,25.74
0xe71c0f4a77682e01f3407663574e0a8070e051f2,0,0.0
0x4b861f62e8f57e58c9a811f687b76ca278fb30a9,0,0.0
0x38a9950c55de02aaa697ed6dc3f6b549892e1654,0,0.0
0xff15a2e8f934914c017877759313e0a718ac93cc,0,0.0
0x35cf2a27ea38391823ce144e89d553176e67b702,335710000000000000000,335.71
0xac01d4341c071e862074e3deac15cb3aa57bba0b,0,0.0
0xf14a9c6ab5a59f46e5b676405ed5ad0a0a6b87d6,0,0.0
0x8829322f298e5ea39bbeb37b6f0a8461ffef6622,290120000000000000000,290.12
0xc0155ff4bde43b8a8ee2b37eb51acf85fc10a308,905990000000000000000,905.99
0xe1542cbdbda520ea5b78eabec4fe9c07fb1d19ba,14730000000000000000,14.73
0x3f035f5e49875e3bcb5aaf675b3a1ac2a32b4225,95270000000000000000,95.27
0xed483217a8f65eb17f9aea2bc5e221df4a61dff4,2560000000000000000,2.56
0x84248ddd52c8d1ded2ebb5712b71764a3e07e768,0,0.0
0xb5de9ef6e763d356f136fcac1c8015246320eba1,0,0.0
0xa71c022a04a80b7798a58d312333218a42be2d05,0,0.0
0x0f35a6dfe3e32f65298ae4cd61d9a1afacd6e3f9,0,0.0
0x09c593374b6c17be4390a63319cb8e215a00f548,0,0.0
0x5a3987a667326cbed1a3a327229d44288a3a77b6,3080000000000000000,3.08
0xe5b0eff4372ba0a999ebcd4a04757c0c5228dee7,0,0.0
0xd657c5eb2b0aa55545da33b0fa1b2a69cfaa8403,0,0.0
0x8f7b79be2af6329f0361192182160eaf49df3982,0,0.0
0x467736f4a95fb86dd4c3964051b4e5799a5ff14b,5200000000000000000,5.2
0xba55bdbf959df826da6c35487eb15fad2164662d,200310000000000000000,200.31
0x2ad053e9e8a6d62e16a3a5fde05da239c2f057d2,103710000000000000000,103.71
0x27eeab3baf59631a5e318ac31c76e6c954316174,0,0.0
0x26049555aec8256d170af171ac6c0473ebac3051,57270000000000000000,57.27
0x708f741b5fa76c9f4a70355207b4f0226ce265f3,0,0.0
0x4d7fbc12a30db45e3f4301eb381eecba595a3cae,0,0.0
0x2090367a894f16be8f3b4c43fe4bbc83f8604aea,98280000000000000000,98.28
0x0ccfa1c3441f3febdcee067bd1cbe3af7bbb614b,79490000000000000000,79.49
0xa2764e4ed4882ee52347bec1d9564066a32cc8e3,245880000000000000000,245.88
0xd09834c07c0d8cf1eb92b034be8993c65a110834,1180210000000000000000,1180.21
0x0c8ad033c7e6926042965eee0b428d4c766f8c8b,0,0.0
0xf9967492468dc1c44a1a452f7eca80e0a5e406f0,0,0.0
0xe8d1de0b1f2e8749d7c8dedd3a25bddf851ae234,0,0.0
0xd51717d797aa212c5e45439112d634162ff7630e,337120000000000000000,337.12
0x381884129733af66dc9090fa9dfc22c30588ff53,108070000000000000000,108.07
0x4c4ca18e32c3f95ee645be203ccd3df65ef4d3df,760000000000000000,0.76
0xa6a89eb48bc63ac54ac5b24486c1b15f8dc16ff0,3110000000000000000,3.11
0x4eb7716654b9140435ad0206dd44baca075f2a42,33420000000000000000,33.42
0xb3ab169905fe5ba4edd18a28c7e5f804dee918a9,2260000000000000000,2.26
0xfdb2ad2245c3632f75ce95f2d545e6a5b286bb49,2280000000000000000,2.28
0xb6b3f1164bbf1016205dd94a183c9eb000f4e344,0,0.0
0x8f13033499dc59cac1dc120342681ff0ea9370cf,0,0.0
0xa27be4084d7548d8019931877dd9bb75cc028696,218610000000000000000,218.61
0x79690442d1776765782fb024182f5b4d752200fb,0,0.0
0xe777d955c4ba211747cd9d7dfcebb98e9dd908aa,0,0.0
0x73c41a553351f63d3dc4897802641516a63c43a7,840000000000000000,0.84
0xe4554365477492213a66268653feae0c33fcf640,0,0.0
0xb81a2fbdb361003bdabe18e4bc985cf09895ad36,0,0.0
0x47b9ba596a4693133892387ddeaefb4b72005fe2,396660000000000000000,396.66
0x47c6495efb9367c6489a97cab625934bcfecf206,9920000000000000000,9.92
0x1c32c58554b50639796777ee29d84fb9b25dadc1,0,0.0
0x486edc9b805876ed67d685997c89f83e1b0650aa,71880000000000000000,71.88
0x249ce4f424861c2a7975c6591c65c35d95735d82,960000000000000000,0.96
0x348cad1e24c30ecc425f434141259494b98240b4,0,0.0
0x9f61b30f5607f71ad9e5288c8d9b648da9076eb4,4170710000000000000000,4170.71
0xd86110fd3b621d7bb05abfae8fbd5e92d62ec5b5,0,0.0
0x8ada2b69965b1f555afd4a286f6b68d6089e7ef9,5220000000000000000,5.22
0x7f076bdeb022bad011e1348a30584f4ec3fadd73,0,0.0
0x867534b457ae9b9718e040129946b03c1121af87,91430000000000000000,91.43
0xf1e67f5bf7e112a05525f564e78837b0760f5f24,12560000000000000000,12.56
0xcbb138a71db18ab8d9128576e93b07470f9c2638,19250000000000000000,19.25
0x642f3eb9650acd5500995a6cd32cc2979e338fd4,14360000000000000000,14.36
0x8a08cf3e489a607af800f0260c370f8280e1f9d1,0,0.0
0xc57e8ebd097e1d0c620b48ecc81a6ba07fe13f21,0,0.0
0x2b41adc0c46fce90e221808876580d8a0989a7b0,151240000000000000000,151.24
0xb57350fb962b7bd203c4051bd994bf13eb30f9f5,0,0.0
0x29e323eae3a4d830ea3f01c4816ef0b18ffa49f6,1940000000000000000,1.94
0x98a74a5f554971d7f6612be15ef4769a3e583e71,0,0.0
0x0e4f140d385cd7ab99301a32df6ea767023607fd,0,0.0
0x37d000df7de09b3ea85c03029db68d1b50ff2847,3030000000000000000,3.03
0x569a150996338a5212bc2ddee124b7f98763c7cf,7640000000000000000,7.64
0xc1cfd1a29dae2b6cede2b5b877657e7109507aa7,2820000000000000000,2.82
0xdc852253eee86126b45944554bd5fb01feaa0332,0,0.0
0x5cd7e50ccf7bb376ba432abda853d75156aa724f,0,0.0
0x8ebab0928fc4e8625fc24fd404fdaca603972e81,6560000000000000000,6.56
0xbef21a0be2058ad7ac634142c26a9ba8df0520eb,0,0.0
0x18420375bfe559a1d4494f796d6d1bdbbf7070dc,12270000000000000000,12.27
0x5c5d19faa967ba5d3a0fc919af27a462122ff8a1,0,0.0
0x6ea7f2d6df1ac0da1b80cd32a1d209b85c86dc91,222640000000000000000,222.64
0x3166d6428ba674e1a4687a00db46f968749f53eb,5260000000000000000,5.26
0xa2aa1d3aee1debaba0d35a9ebcd6e90d83ea6f0a,438560000000000000000,438.56
0xe964e7c850a7d4c491fabb00d0585f1141495e6b,6290630000000000000000,6290.63
0xa27da48ecd043bd2f3144e2d0846c36cabf20447,0,0.0
0x6777a38fc31341dc7dc4b95f128336ca1a7a1c80,0,0.0
0xb8dda31f8894b68ea5afa5d1c8b582d0d0595e3c,195500000000000000000,195.5
0x573cd2ed0e42ab76c11f39db3c749cd9dd37745b,28040000000000000000,28.04
0x802d5eb9932297775460ba2ba90d339938fff417,5487680000000000000000,5487.68
0x7e1a43dd8f234868baa806e44ebf1c97d46462b3,27760000000000000000,27.76
0xf6f4d7e17ac987f91104d23f6d8b0e46239c3418,2264440000000000000000,2264.44
0x06bc05b162bc4e280f6305b5da8550b42032622f,700000000000000000,0.7
0x70933e4e777c2c8e23b1fa4f0df6bcfbcc1a20ec,0,0.0
0xf287fbb4d1689cf001a218a262bd27ae117bb566,26160000000000000000,26.16
0x6c77a9aefc9f962373800bde695a4494db4685ae,784430000000000000000,784.43
0x0ebbfc8d21809fda013520670b51ba7dfd440fb7,884150000000000000000,884.15
0x9dff25b15b32608435b4b62422ab6f873bc4ec4d,0,0.0
0x2ed9a264d70e2ee295f13a04ba88573f3bf12e2c,0,0.0
0xd2294061e10604dd6b22583f3cbdedbc0b4c112e,918080000000000000000,918.08
0xcea110cf871ba2f88262aaba1026c371da930a51,2140000000000000000,2.14
0x5376f5373d4df9bddf93ab032c7c2ba0217950bc,5850000000000000000,5.85
0xdb5502b50b6069ffb6238889d4973098f7326201,323450000000000000000,323.45
0x6f1cce13cf45e430db4f9bad72eff2e1ff7de349,1280000000000000000,1.28
0xc470f81a13614b2c9737e9768e201b1374d416cd,0,0.0
0x3dbb851d111f5336781ac505b3401a47f6a71d9b,0,0.0
0xf9c47d137136d7f859333d38003d69917ea998ce,0,0.0
0x161a83f70000fa507c7ae707f6da6a444c486d60,1500000000000000000,1.5
0xcf8788e105603140553ae10ddea10699a4e55222,800000000000000000,0.8
0x500ec7bc6e1b22bcd0dc7a68649f2f55da794b18,1176360000000000000000,1176.36
0x1e4998ce4eb1f536afb682913bd699d4d2617048,1320000000000000000,1.32
0xd82ef39a6aebb4d3b0294ffd4daee9b89c28c655,1814420000000000000000,1814.42
0x1e2564befdff0c184e85b6e37db0952a747abed0,0,0.0
0xcf25075421854520ef4bc63ce15dc378b2faa301,0,0.0
0xdf8a648e598017b3f43112b07ca9a07b044fbae0,740000000000000000,0.74
0xb90c0e83f27d34fd838682da1fe7ea0c00bfa251,18300000000000000000,18.3
0x9a4a5f7d6bd9cb65631629ab90b829a4ec9777a1,2773370000000000000000,2773.37
0xc20221b95142a4166ce01dc1f658e67bff0eab77,0,0.0
0xbff42700f41ff0386da73e137d7c5a0103460f74,359890000000000000000,359.89
0xedee7770fc9e27bdbcb373ed24e5817b28ab0b8b,0,0.0
0xb88a53d98f40144bbeff6b7c77955c1ab86722d6,1496850000000000000000,1496.85
0x9aede3f5e88a7345d9b69f21d4329f619c76e02f,0,0.0
0xe2d168e9721e11f2302fed66f8bf9e3691d65ab0,0,0.0
0x8e0490dd2115a8527e1d4a1d977245fd56009114,5720000000000000000,5.72
0x6147aea777f72e5343ea1be54c3e8f5be193db6c,6690000000000000000,6.69
0x522db799c44da547d3823e22e5457195b564ae33,0,0.0
0xdca8975825ae1489fd2654fb67c51be6fd68794a,77290000000000000000,77.29
0x0e2966b2dec7a0f72f4502cd40e09ec6c27b1645,10890000000000000000,10.89
0xc46c3e9722628f28dacbd4036b4b9137edb7fc31,600000000000000000,0.6
0x61d5b88551f12521aaa72b4e300f3534b1de9f34,85730000000000000000,85.73
0xbf81fb11a7b0d3333a05e767a022669fac656c17,230270000000000000000,230.27
0x04ac263a4b7e1a77f03deddb92bc6e3a87559f11,26890000000000000000,26.89
0x9ead7008757634b6474185da1151791f06c9a3b3,0,0.0
0x774cd9902e841d9b9d47e9d108dcaddbe954aeaa,0,0.0
0x34c03cf026cd61d37f5f3d912d56a6d6cf4fe4cb,0,0.0
0x893414432fb4f2d06c8ba117275da13c0f0baf61,0,0.0
0x608407ff289fe2361cb1a79257bb3027d6b61c61,3150000000000000000,3.15
0x6e5250bec816672b82a1f5985992255faa3a12f6,648950000000000000000,648.95
0xce118d239b00b9106efd1f4f0334b6f045e2da61,0,0.0
0xd7a10bab114ccebd396e60e4436c3b0926e8d1d4,0,0.0
0x2aba4f5180f49f66cdeec5a3e6563bf916aba3ae,186480000000000000000,186.48
0x96f62ea68fe05f5428e7beeb53c7a41c016a2f54,0,0.0
0xa76f80039aacf51434d93c58bdb975409efd9d4a,0,0.0
0x9de86893337fb6750f847bb36cb7f095ade76dab,2700000000000000000,2.7
0xa38ae32ec704a17e42a6a4cc6f32e8dbadf958b4,0,0.0
0xa0c4b22e422bca200640e759cc5cd190402e90a8,0,0.0
0x282ecf0ed27e19fefcf0744e526d099e29d3d3d9,341120000000000000000,341.12
0xfc48031548dfacf689e56f9f70ed8a07baf706aa,720000000000000000,0.72
0x5bcd18db0b04ef0001b21f6a582645cdc1aa0cf0,0,0.0
0x9bce748115a453e19904e422ff178f21aa5dd8ab,60350000000000000000,60.35
0x7954c617287a2089eddd9ababdf6aea8c5a7bf96,127840000000000000000,127.84
0xc3e2a78606407aae17378e58da1c22712f17336e,0,0.0
0xdeaa95321f02134dad34c3007568c3799505c57d,18890000000000000000,18.89
0x4bebbc16403627fd16facd2d9be0ba21afad7fd8,888800000000000000000,888.8
0xa85ce272a52b91f3847dc3b93278527095b583c3,0,0.0
0xe0442122154d08615dc651d27e2ac121452fcd3c,33560000000000000000,33.56
0xd0b90269ae53e0020212560cc4f2591e1d869f37,0,0.0
0x221a53073c26219db5159d12c2ded044c4843954,21410000000000000000,21.41
0x9f4098aa254817657646504836404563d9735388,0,0.0
0x631a28a5e5e32c5bb9c337de96855787d9a057dc,0,0.0
0x2a2b5ee4240bd0d7cc6b42248576609196536e3e,0,0.0
0x76283a598518e423be00c9d7b27e564c1691feae,38110000000000000000,38.11
0x09e3fc7aa6eb4b810a83948ef4f93564a9ce4ff0,118310000000000000000,118.31
0x798ff1e6d7afd28c333ee6ebe03125d30ec6ef10,4460000000000000000,4.46
0x1b28dbe093271ee64ccaaddbe00e5f1ad2cc31e7,0,0.0
0x7e8e89b11a2f4bc51b10f982bc2e83a340a6c6b7,28560000000000000000,28.56
0x06c8fc0de615b68a2232a4d94f41ee74ec0a310d,31750000000000000000,31.75
0x607ef921e174f209fec3adb8ad956b0e6ecadf3d,33990000000000000000,33.99
0xfdbeeef9d4275c49542bc0378e6a2652c7934861,18470000000000000000,18.47
0x2dd4497b2f6d07e120358e94f3ddf53bc2926d21,0,0.0
0x05ebeb933bac6d1109fcd54bb58eda6f5139faff,11182930000000000000000,11182.93
0x505ffc0682940f8389e3aa05de672ca6d1727a69,0,0.0
0xb1c45148934145923cb3df00f11caa95c1fc8601,0,0.0
0x32cf8e7884b904e93961e046564bfd90dd7bc7e8,161060000000000000000,161.06
0xcec69b83e2ff2d4ae957f8ffc11b3c6af8d12ada,1470000000000000000,1.47
0xa5e97836e6fe8317111b6fab01796f6719744745,0,0.0
0xd161b7f9dc7b73144b8ba3ba43ae803af71163a0,193330000000000000000,193.33
0x00d0b178ee1dc3ada6ea4cc448fc5a4f44709b0e,3520000000000000000,3.52
0x3e2f18e12fa3de657ce80e603ebd120443d77523,20840000000000000000,20.84
0xcd5c717bb626d95d227f5c584ac77d151d3dd6af,0,0.0
0x8fe97d8bb0904142e807758e864704972ef45dca,0,0.0
0x9f10f0fc3ce545ace374718f985b48ebda4ac2c5,1860000000000000000,1.86
0x5d80e20bec64075164e371c2538cb72cb00dcdbf,3940000000000000000,3.94
0xea683a839f49e2dd094472fe6d076d8807ee03e8,0,0.0
0x089ffaece4c67d00366691b3cfeba7adba60a09d,209990000000000000000,209.99
0x2217ac877d9c57dd1202047eb3f5a9baf87b87a3,3960000000000000000,3.96
0x98172c93540013c3c97c5e6cbc8001ab61eb9959,11000000000000000000,11.0
0x836677dec1e3359f28ad829adede8900544591e1,170260000000000000000,170.26
0x988abed07467f932bee7e64273d6a16bb611b4da,34800000000000000000,34.8
0x6662304e3198c8d54530fbdf02a869fa84537639,46071840000000000000000,46071.84
0x34ad3b0fc3dd53092df1fda79d04ddf210fba1ba,0,0.0
0x2bb47fa372ef3cecce379c7b37c93e4b448f55c9,0,0.0
0xa9bb098c16ece41c804ad8f5e1629d8cc9fad908,3502760000000000000000,3502.76
0x123f1c8d9f49bba27083e3b1510bdb0a2cad4919,697970000000000000000,697.97
0x6e1ed055d446e9e85f04228db24772dd45d8e92a,0,0.0
0xb6ee138c1193b0e488d66218e70c1a07a2b59dbf,677790000000000000000,677.79
0x500b53b370c55bf8eac9ff5be73ae68a69378fbc,8360000000000000000,8.36
0x6f195a29d708cd13c9b6f43b48bd6e4d74ff0598,21620000000000000000,21.62
0xbb7643e6680d8880ebbbd76ef6bf126a8ef09e02,282660000000000000000,282.66
0x98a5ef097ebdb39aca3ab4a8bdf5ee7afb9580f6,3570000000000000000,3.57
0x08c4457f69be2290d887d6decb76d5c67cbd14f0,0,0.0
0xbae2133b5fe05f7eac2b677b7adf769f06c59a91,2600000000000000000,2.6
0xc63914b9b7b1125960d2682632fa7f73eaaab8d5,0,0.0
0xb0720ffb76edad4728fc7ee26e5e1065cd28a0a6,28200000000000000000,28.2
0xabe564504ecf79561adaddd5aa6f8fa259cf0f0e,0,0.0
0x340dc5cff35da03dfe3c1952eea7cfdc1939821c,12420000000000000000,12.42
0x7e8935b7d1a4377b260ec162dc01305aecd5ef0a,2606450000000000000000,2606.45
0xadb9d864bddde2f12f6494c6a4e07a6f0010f8ba,0,0.0
0x052c095aae27225b4ead6186ce5640c385787fda,0,0.0
0xa45ed6971f6e009740736acf0fcdc603983ba61a,0,0.0
0x16fcd6c04351881b9dc526bbf09be442e1c19e6c,720000000000000000,0.72
0x3c420c38b79dc17ede4aba4efcbb5ef9b3a8d997,22520000000000000000,22.52
0x37534394ef958ab98c7e165b6d42b29eb5019162,0,0.0
0x09fadbd76622b9e674166f06fad15e63b5aa76ef,21120000000000000000,21.12
0x3fe37c267cb5725a84708edf14eccde5e0e76cbf,640000000000000000,0.64
0x27816bee0b395f37f8f597db63d6f34cc776227a,6320000000000000000,6.32
0xdffcea2794188bc73ca0cfa851d7de506cce2682,5300000000000000000,5.3
0x2d5885bc0f80188991ff92086aefe8fd614300b1,0,0.0
0x20acc22e63883e4628d61605f9f550506e115992,12590000000000000000,12.59
0x28a5f5e89f23987e7696599d8d0967d4fec01e07,63510000000000000000,63.51
0x4e14171a451884c44edbe412b03a128d7e473e55,0,0.0
0xfe058721d128792c09324190e9d27ab817eacbf8,0,0.0
0x2e7255ca8d8904ae37c2a27c547b3b4740cb16e3,0,0.0
0x7ade575e6d4c82d4e091049d6cfa86a527e5fb57,0,0.0
0x54c2a45d4a21355f0c34847ac38ea36a11fa31ea,2418160000000000000000,2418.16
0x5afdd71ec312eda36663f72032f269bd9c950cb4,819780000000000000000,819.78
0xe407caae175cc87a28ef7cacc0fff3cbbfe82c4b,5240000000000000000,5.24
0x3f1f15eacc027115b78bc4a3e85e44f6022e3789,560000000000000000,0.56
0x480b1ab82651fa3b1cee01518afe833e96c90886,3390000000000000000,3.39
0xc6a707017b8e7a252b2eae13d8018840413f254c,640000000000000000,0.64
0x234d5b323dd7bc124f814a8ba28dd884785093cd,0,0.0
0x0a8184214747cb1afe02c365a09e8127ec73afce,240610000000000000000,240.61
0xac5b2d7ca08b3cf38ce29b5e0221f055d57bc99b,2160000000000000000,2.16
0x448a7a37b81223a119af8f59698068217cd5d904,339660000000000000000,339.66
0xdc7eae9d12cba2d324f5ed805c8319dcc78ffd63,59720000000000000000,59.72
0x003d55e6af4ce37196836404443b53202e981093,0,0.0
0x32caf5aa765079480910b96ba169a779894cd051,25780000000000000000,25.78
0xddba302bf70e78f9b81db6c89821cdb413cc921d,801250000000000000000,801.25
0x004846e5366ff2aa8b15a770a1634cbd9b392475,292130000000000000000,292.13
0x67fa1ef8a4528eb935180e8245b4a0a2412fde1a,0,0.0
0x0271f750d24119eca484cf8fdcc693dd8917acd0,0,0.0
0x072161e78201435f4443d58bdf7e72801399b838,5600000000000000000,5.6
0x839fe4eb9aaa9543f5274cfa6cd7c526183aed3c,0,0.0
0x006af895045a695060eb5d7da1a128babbbcb0ef,1780000000000000000,1.78
0x41f815c39de36a33d62ae4b93b5fd81d8b83ad2e,0,0.0
0x56b9764e6226c8fdb8148692c181d6c85fc77806,4468430000000000000000,4468.43
0xe44d943a6c72555a33ca13e167676402bc8d4c89,14410000000000000000,14.41
0x77f7f51eadb2ecabf2264c1bbd08c2a3329bab6d,0,0.0
0x98eb6a1138acb221a9f341168984fb1ce18c5874,0,0.0
0x09d17662f2279ec4418b83dab90ed45fc4cbca84,0,0.0
0xe55870ba3b39df8d4c96ec0b01b3116b185de2df,0,0.0
0x097c2ab19fa36aa4b0cbc2b1e0994cf9e1014430,11760000000000000000,11.76
0x3181d3b30aa1b08a762b3d528a1f923c99aff46f,1231820000000000000000,1231.82
0x5a0bde8e3c34f004cf4788c0112290e4f00a0099,0,0.0
0x9ae452e5bd703f0fe1afc79776137b38024d4f2e,2049610000000000000000,2049.61
0x12b56c089caf0fe4a8aad507c1a508e289cf09e4,60310000000000000000,60.31
0xed42428d3d306417ed3f97f56a60a3a3548c128c,1580000000000000000,1.58
0x70f28ab07afeb26e10ee76ab3a07c64bf089bf1b,516810000000000000000,516.81
0x6d0428d4b10e54c1540cd72654aeb35e1315a535,113590000000000000000,113.59
0x5e12d0efd222efd5df144a89d888ac5878621f5b,6390000000000000000,6.39
0xa9f88070f29cc7029cc6e681e80bc930285a9d0e,2177060000000000000000,2177.06
0xfdfc50e371ecfeb94d5eccf618357f4c447a99f0,481170000000000000000,481.17
0x045f833aca009120f12ad4bb8a3bf6bef7401ef5,0,0.0
0x28d865c9b8387f997ebba042780754257b8b2132,324380000000000000000,324.38
0x4985c073c2c30e2c50a06bc840e01b0ff97fee7e,669360000000000000000,669.36
0x0075bb0364a26c33d79b3dcc4ac6d9e30143fc5b,0,0.0
0xa939955fb992404f8b6d1dc2613dac762823a4a1,0,0.0
0x692a98f6318b4851f62b591e498ebdeba9b6f9bb,0,0.0
0x2982f0a02e9df2cc404e04e2a0bf1577d1a4ec32,0,0.0
0xa5e565c2a30d195a9c17d5fe54ffe064b73d237b,0,0.0
0x7c32057de2290406a09e7886ef64b460eb6cedee,44720000000000000000,44.72
0x372456e0360606dadb6c40f61f122bbc300abccc,22050000000000000000,22.05
0x6ac569f51969cac8a2f3954aa377624825742aed,0,0.0
0xba9262161c7837a52b126b6ffade1f1635dd9c31,3150000000000000000,3.15
0x9621222a5144ed3ee6bd4f406579efc4f1fc336e,1320000000000000000,1.32
0xf0bd803f95f8c6395e11610d59ae28e6fd2153d9,2019370000000000000000,2019.37
0xb4afacf58a26a9772a511b944062857bdff7e994,0,0.0
0xe7344cbbf8f7dd489592b4a14268b0d48ecff01b,15600000000000000000,15.6
0x317342f0a337c62afa6ffbc78292bafc9661f2e8,269960000000000000000,269.96
0xbeef110e5472f42bd58bfbfc900c386c29df8a02,0,0.0
0xec613ab9a2df9ca12ae0d690e95efcb075505ff9,4720000000000000000,4.72
0xf0ad7e5e49e66b9e4e9ba598525a0d6e0c8ec059,24380000000000000000,24.38
0x8b2afd25473d1fe5740397aa74ba8893fa380490,82890000000000000000,82.89
0x5a12eb160cd6c644d7b4b64f83e5759bb89aa9e1,0,0.0
0x3424cf6ee969977e416abcda44f178275b6659c5,0,0.0
0x22337e434445c6c7716aad41998ffd8c5c08d0d2,207310000000000000000,207.31
0xf04cda432371a6f5c88ac4d0604a0a3442917802,55270000000000000000,55.27
0xdac06b00f3c8e62adbcffcfa4499c4f83796467e,0,0.0
0xd8613bb4ce27a0e64f8d59286d00e8af40729ff4,0,0.0
0x3fcb63253dd0d3577a499c9228d0f4237a4fcc5f,187340000000000000000,187.34
0x10783fc60fcf8329f3720a46dc3f2fca299d2e3d,458680000000000000000,458.68
0x1a4008b85cf24b618fc9bb5278b5e23a3eda8c0c,5452820000000000000000,5452.82
0x0877b0984594afe7a63ae2f4a7126d65d87af6fd,1100000000000000000,1.1
0x1f5989c252e1e6224314fbf2b2a242e4b3be04a1,23590000000000000000,23.59
0xb7c6d47dfdebcc5f6b5fef43f493b4b557c4440f,2055780000000000000000,2055.78
0xb8e90f27b77697880fe619c91eece79c7a6920fe,0,0.0
0xd45152d9235704872846eb303dde435bc10faf50,0,0.0
0x703fc9e7f30b433742693ff64dd7a2d33e192373,0,0.0
0x8a917263bcb6d17ee2544d0dadf382d4b4751ad0,0,0.0
0x455d52e9a9720d9ef3ac06dadec82d88de7dc0ae,302760000000000000000,302.76
0xc0067a1b9654574a65e84163f4e9f5de1e687977,79920000000000000000,79.92
0x1c860bda626c38c722052e6d4f93ed1cbd2c08e7,0,0.0
0x861641d9b67046c7d6e25f5cf378077896553ffd,114470000000000000000,114.47
0x1443d0ec1f435df9996d66aaf6acf2a9a182213a,0,0.0
0xe7bafbc5abe19d32b8c20f8476d8e83d9b26ef9d,0,0.0
0xfa9412aa43a38536fdb4fbf80745816ce35c25f7,5640000000000000000,5.64
0x9a0940e37964be576559e7afcf527cfe64c473e9,20600000000000000000,20.6
0x1661adc0bc7af24e27e69817483393be181dbcb1,0,0.0
0x6983f0bccc0f5380d1fcad618992bddb7d08025d,95550000000000000000,95.55
0x0993de432f4fd3622bde4d1bf0145327ac4ad473,0,0.0
0xc0e1e767b1dfb0dba47982ee9ea2df328a29dcef,99280000000000000000,99.28
0xbf77c0c43843fed914744cf9441ed9fc22057a87,164020000000000000000,164.02
0xef1ee3deb2252df88ffbb8fd8d49001762797d90,5380000000000000000,5.38
0x69e84ca51e860a0f330abca4869072b51bb60fe8,2649580000000000000000,2649.58
0x8b1288d2b2e357d80ef8e01b1880d01f601e0917,19080000000000000000,19.08
0xdc197822e435596584da6ba7f6328bc62d93fb0b,2920000000000000000,2.92
0x489a07d82458c8cfe26dd348ac83614f73deb97f,46260000000000000000,46.26
0x2ceb7fc8aa5b41c7a6e19e4c07edba1b7046cda0,5200000000000000000,5.2
0x028d8ac6b228938dedf17f1badfa98eb51ea93e1,7580000000000000000,7.58
0xac36a33b59e26ee0423807570b3a95d76aa2b256,2340000000000000000,2.34
0x77782cb99086962725c934f7a8c7818d159e4f71,3880000000000000000,3.88
0x14e31ebe553ae5cfa81480635d75533f13eedaf1,145460000000000000000,145.46
0x4fa7dbd1c057d6e693ffd7c3dcf23c36a9eb3ff2,299400000000000000000,299.4
0xe27063ed2c41e956c26d72169035c702d6f6c91d,0,0.0
0x6d1725cf5b9b4915754cf33bd257822e5ccc9845,25690000000000000000,25.69
0x05cd4623c48553a3070061f557bc38a1d00f716c,0,0.0
0xdc8b04547eb9d2afba5c177a89efa8089e6211cd,0,0.0
0xadb5e99d4f0b5894a536af8331408b5557695297,44140000000000000000,44.14
0xcc771952fde840e30c6802734e5ad20479c2959f,893670000000000000000,893.67
0xa0766f4998471765ba22fad9daa0dbd073de8416,455240000000000000000,455.24
0x824cd75db050a171bbfdb8067544bb009a866b87,1133530000000000000000,1133.53
0xa4ca1a1211b5109da4c7f35d08730afab1b68007,1340000000000000000,1.34
0xdc54edd165dcb919f5d1f5eba2e70a8899434f77,97540000000000000000,97.54
0x7947d3a0a678f93a9ddb47a4153fcaa6c510a9f1,28140000000000000000,28.14
0x8b1ecbd94f9a37f2c87da0b9e32a9939feb900ff,0,0.0
0x3a039a25dcd554841d39c94817fc8e7c05e2799d,27660000000000000000,27.66
0x9600a16cf0cc6f94b990531d32345c6576d18394,115360000000000000000,115.36
0x06a515fd1c8f56b8128e3e0b5117c73673e76383,0,0.0
0xccb3f25c38085570fdb90a29d8e6cab4781b7fc2,1480000000000000000,1.48
0xccccd0649ecddda9c3b1981053a0c4ec77e1c005,0,0.0
0x2f6e0da86026cf16b33d7cb095c4ece89652731b,45320000000000000000,45.32
0xd26f75d1b3652823c2e685312bcacbca1d504f74,16420000000000000000,16.42
0x80a70349a3119504a89d07865879dadd1f399daf,62430000000000000000,62.43
0x1f2230dbfdfbb0cfe5e73fd51b015283d86c628b,23530000000000000000,23.53
0x9a844e8c2b41eae4d258d780e955810da8ccd909,2349980000000000000000,2349.98
0x63d7b9fa1841b81d5711be216176cd072c40e658,0,0.0
0x6d759203439792d1009010e9e3dcd15081983861,0,0.0
0x17e1a98285351d294fb9085a1f1c1d631e98e2e1,257100000000000000000,257.1
0x5de481dbdc77a56950be2b209a82cd34951335a1,0,0.0
0x6d41bfc3ca0294bdd157441168c79d6ec481cd7d,2837470000000000000000,2837.47
0x557758ec7fd3c7e8c1a6b5b42f15ac6b82891f18,0,0.0
0xf33350b3778985a606468906908eb002644c2d59,2220000000000000000,2.22
0x2850e4322359ea498027973bfec6d8f92674583f,3490000000000000000,3.49
0x5a15b4884fcc07dfa46c3a96a8e386bda0e94943,164010000000000000000,164.01
0xf8a39842fdf5496d6c22071559168c862498a471,255840000000000000000,255.84
0x63b179d3a9a71628db9fceaa9ead440965f5552e,11470000000000000000,11.47
0x39ee684997feb358bb95df6babbbf5de0b994e75,1360840000000000000000,1360.84
0x066587be92294649582ed9979b9ad689db4f304d,1600000000000000000,1.6
0x40def7e4751a689efc2e6b7829141fb2c12aba80,560000000000000000,0.56
0x0c3b79874fc8fdc1e461379210d134f009db5ad1,2362130000000000000000,2362.13
0x114e61172892bcdb24a293440758e33a81af56ba,55640000000000000000,55.64
0x6e3d158d3fb63eba04c040c77a8539e22f9d7b35,9840000000000000000,9.84
0x3ee27ab9464d932dc107a1fb38b8bd4e28f2802f,3040000000000000000,3.04
0x3f3048a12643cc1546ab54e188ed287444fec799,0,0.0
0xd37d3305241c7d679aa185a0f937b328fa9169bb,0,0.0
0x8f75a05326821a21d831bc54e5fbefc3562faf80,0,0.0
0xd0044db8abce67870b980215752e4357349e4761,512860000000000000000,512.86
0x857197110f3eb2335e44851b173e58d2a68ec3d1,218300000000000000000,218.3
0x32cb1c786977b6e12b0a46f1a7e83305eea5ec71,6620000000000000000,6.62
0x1b84411df1150c50d0bf514995e1f524fb06378f,10490000000000000000,10.49
0x0fd1cd0c7a38f8bef11c578dfccb89cca36c84ae,0,0.0
0xb572e89e77178319ee345bf60dcc4812c4d13abd,134300000000000000000,134.3
0xa15fab718b0cb25f82d61f58c014bd88a87eeed2,6200000000000000000,6.2
0x3ae770cf3bf6cdbbbb9bdf5bec817fde2bde5598,0,0.0
0x35a7ffe3b291c60a36c4104d2d9471efc3b66cf6,78120000000000000000,78.12
0xac8418a31e1cfa894c0d6a6a75c23fad48a7cb36,3580000000000000000,3.58
0xce5f95c4ad0949176c2632b08eb99e435cf7e2c3,720000000000000000,0.72
0x6169e18eec4626d048fce8b1f0f8451ce7efbbc0,0,0.0
0x7c3f089670a2f0f66cc4c059124a387a860296ea,0,0.0
0x9f6877db5aa47f6a2eaa06f7285c47d8a5b3919f,1103750000000000000000,1103.75
0x832193faefedd6921188ac7f18341c80262c1aee,900030000000000000000,900.03
0xfb7d68273c5c65b8a161f88c39284615cf9bbcf3,0,0.0
0xc1d40765903409ee6297b46ecb49c25c25cf0949,258280000000000000000,258.28
0x265407b860970a617aec5d1d257cc14be047ce7b,0,0.0
0xcace0052c274687c448c59e62b13512a34ac941c,358570000000000000000,358.57
0xb5fcc1c11653566b83fd2ee849a3337592d28f76,1107810000000000000000,1107.81
0xa14edd80e2593e93f7673cb6416636759b16625e,203570000000000000000,203.57
0xba4f0c12129c1fb4e6f8f2ab961d050311b0c4e9,0,0.0
0xfea3e311233e92d063754b95c93ea1a08ae47539,155570000000000000000,155.57
0x453ce2fc6f590e5af3d83c38edd7add77dee0110,0,0.0
0xbb46af76279de70e9b54488672c470f4b53ff398,0,0.0
0xb7cb022b99e2a71ffd87b62c17058a8069af09bb,272660000000000000000,272.66
0xe6de83701269ff00c87dc6eb6544e263dc9f3e11,1580780000000000000000,1580.78
0x890bc8aa2dad755b03428c74a7a553fec8539ddb,306490000000000000000,306.49
0x0a6028083f86c7fbf9269ffbe1154a2daef4c1df,0,0.0
0x9f533eec49dc2dbbf495f1cd687c2536d424be07,0,0.0
0x3d9c6962ad0723f577f582e864e3709d0d5c835d,9430000000000000000,9.43
0xb42c9fce3133f5b6008ebbb92115d44c5c7b9a2f,23060000000000000000,23.06
0x226bc396e2f6d41e4bcb60082d1e014f36a26ff6,12310000000000000000,12.31
0x382fcf9e4fdb6c2d10e748b31bce792c30843cb8,303860000000000000000,303.86
0x66f396419b481b4d7e667f1f1a48755388970b13,217230000000000000000,217.23
0x18d4f3217fc028cc5f546be725d9f49cb6bd7936,867120000000000000000,867.12
0xc6c827d294a8102c2fee976d340bd454758073c4,0,0.0
0xe0172e4a55d8c1739faca9533d76404d5cf535a4,9380000000000000000,9.38
0x4e5cbcd39674959c92b3deb99836bf9cfba4afe4,0,0.0
0xd4a1f9042c393b401f56f5e9a0d2ef3a5c446ab9,250830000000000000000,250.83
0x52f5f224c515b3a3b7b9af8862c4b1d44c1003dd,9860000000000000000,9.86
0x2f8866cb21e10d79e43680f5e3db9d512f36110b,8870000000000000000,8.87
0xd2ec0337740bfa99d4b6ff8dbe67785c51c5509d,0,0.0
0xd5984506a354e9286225e8b13ffd6a8e11fdad0f,6195960000000000000000,6195.96
0x0de9518e2c9c57651a5b8302db07571a1ab41208,0,0.0
0x362af85ca4f04a9a29ad8cdce86da47f4ff0aa50,858710000000000000000,858.71
0x7849ecb8233144fa383f16e660690974adf37a24,0,0.0
0xeeddc76ee311ed8768f45443ed6c3b06deb8e0b5,5930000000000000000,5.93
0x8231748210b3e0ded609f2d3b03ab1d8fcc6dd5a,0,0.0
0x87929b0e892f091bbc6bc8e6e985b9b6353077fb,0,0.0
0xe477f368256abe4ef0f3a53135d4079534cd71cd,4040000000000000000,4.04
0x5d864b0c42531fb2d0fd4a855a410bd0063f4576,610740000000000000000,610.74
0x2f9c7f0fa0ecf6509a27795e49068b1a5f452bba,458620000000000000000,458.62
0xd20c220a65ad01fe399ffe8f8f752c7e172193ae,0,0.0
0x14fe3fa97d7c7d3086fe6755e7ac01909f57e4ce,5110000000000000000,5.11
0x1364df1761b5508c0ebdd3c213d245e058859583,0,0.0
0x007810716808d2a0f0bc818674c77863cc91bb0a,5400000000000000000,5.4
0x67ed35ed9d3bbb0b82596f4e0e07499a87aac518,12480000000000000000,12.48
0x6569fe40329a125d0926aac0febd73f0ea8b517a,0,0.0
0x7b99d801099c75ca081dfc385bb4df96eb2b76e9,0,0.0
0x4df208b471fbca43a26eff0e95c05d92c5362d1c,0,0.0
0xe43807c907bba6e7902648525189a0dc1cce9d1c,4730000000000000000,4.73
0xbb6875295d4e6662dc85a76eb87ca4edf3c9f829,4520000000000000000,4.52
0x9c40daa3210f14202090617a273f4860ef3d7fdc,23080000000000000000,23.08
0x111ad7f9d70d399973bac3ab57050044e3c2bab1,1840000000000000000,1.84
0xa836d3ea8c9ddb4a5d9437e1218d3af6ce31773e,5406890000000000000000,5406.89
0xc1b0c27216b704fc6937900845e3c28c34dd10a2,0,0.0
0xef32bfd15daca83c7678f6c44f65d1ac23a4f68b,131740000000000000000,131.74
0xc42b83fcb96f8852ea053400f3073c2b0ff3c470,0,0.0
0x00d661d449785cab9e984081abd866a039aa8b8d,67640000000000000000,67.64
0x04bef5bf293bb01d4946dbcfaaec9a5140316217,393150000000000000000,393.15
0x038a5d37744945d3dfd902fa94aa2cc62bd65415,0,0.0
0x4bc2a04e42da0a8aa66c0553dcc81bc41b554e11,0,0.0
0x5040eec95be3ce359d7a0353ec5739afa2d47c17,13370000000000000000,13.37
0xd2d8626852400052c9ab13123e65619cd7aa8817,700000000000000000,0.7
0x60f7c173428b58a94406239afd5827a887215f45,0,0.0
0x94dfe4697282f6b6ac971a3f6f034a3ce25932c8,1360000000000000000,1.36
0x7492020b92df43688ec1eb62afc0519f83561fba,0,0.0
0x34046d43d8384ef4d4fbcbd75794104350e8011b,1519690000000000000000,1519.69
0xe803f83127ca32e00d9ab97a2dd104f0302459f5,0,0.0
0x01899c359300b88b57020c2728e82d5961f9f6f4,44890000000000000000,44.89
0x43440ba00fedb917d3a9427447814925ce5c1261,579890000000000000000,579.89
0xd729d7eadf56dfc51f7326bed5363f3b96331fd4,1125970000000000000000,1125.97
0x573af9cd041cf1d6e48ff5970923d6b4f2a1fe42,0,0.0
0x3a14fae1defc55fdce1fb7b028ca65238f47f2a1,66730000000000000000,66.73
0x7b1113048c8ba09050a70720d2aafe2ef581f7d8,2739030000000000000000,2739.03
0x6e4a8119ced811438e29b4c0522f8aa8c3309e1a,336830000000000000000,336.83
0x59dbdcb7d7d4f3e7c8afe0d60e99c33ff5d058f1,551440000000000000000,551.44
0x0f4ede4c6f052a97aa087f8f500331a316853401,338890000000000000000,338.89
0x020e81c8e32ebc179b4ea54f5088a784a4588271,13100000000000000000,13.1
0xce8b4f6401339893ef7ff060ef032d29a736a719,139600000000000000000,139.6
0x133b05eafe2b7be1882b11d44bb629250c8d9149,25500000000000000000,25.5
0x8e0e8f9bc98281ccd2a2c27c41af010a05d9c773,3330000000000000000,3.33
0xbc483a82cecf9c7efafa6a58b6ab0767d6513330,0,0.0
0xe8818b0727178bbfa5b2b88a4fe9198677b444b6,2020000000000000000,2.02
0xa2735521148ed5c4443db0fcdfc51eaa220ca675,286150000000000000000,286.15
0x65f08004daaf96fcb03f74401035ce64ebd753d4,0,0.0
0x5238f2c1162f05985eb749dc8e29e85f73033627,9490000000000000000,9.49
0xe215e5ebd0f8cbdd74b9b7afe3441967c0170488,0,0.0
0xfab6798dae53af1da8a3631115bf5d0d05cc82d0,2560000000000000000,2.56
0x82da6300e36dddf09b824185ae3cf6903b840c43,7880000000000000000,7.88
0xe9f5d2dcd7ecdfdff818ea77c2f8ce45e3692e33,880000000000000000,0.88
0xbfdc7259d6d8d6ca7cf17b1f994ca0b2298c5988,960000000000000000,0.96
0xa7195f8455b8a5d7eee84890d6fe3d16bc31be4e,680000000000000000,0.68
0x57c978247599eafaa8ac1e26978e1001e58c05b6,23860000000000000000,23.86
0x41995233b31e412ad26c2cb00ca98c8d7d38abef,0,0.0
0xe9a7c40a4395e8137b336395d88e66fc90e65812,2750000000000000000,2.75
0x7e893cc01859498ef51f30058ffde58f40b9068e,0,0.0
0x97c3c7fc7ec54865e7ef3decdb425a179d92f6ce,194550000000000000000,194.55
0x7ef940442dab78e573f18ea5bd7a8b091e1633b6,1060000000000000000,1.06
0x6ce38694fbd77828187d8af5645c0b5940fee9fa,0,0.0
0xf615afa4d53833fc72e056c544872dc5ee81ef44,3565210000000000000000,3565.21
0xde5355934ffe42c31ae7b7b1b178ad3124dd8474,0,0.0
0x4dc508902931d0d375e1ae0db38c3c7f8eff2387,13620000000000000000,13.62
0x3b53d306fc0e6f8ebc464cd4c0a2d3dea1130462,22430000000000000000,22.43
0xae996603e6bef1861438d6348729f059a7b772e9,70030000000000000000,70.03
0x5caf81506dae0fa92c6a160b01c49b089fefc7f4,892020000000000000000,892.02
0xc659d696490a087d5c143c1468fe3163b82dca53,100080000000000000000,100.08
0x34c3be7a6b5957dcef98638f66e1e96a5bcf915c,0,0.0
0x0052d2e4af4548e6cf19e817b944cedb23ae09df,1209050000000000000000,1209.05
0xd3c167f340bd89c6c408d0cd4bcd48d25c90df4f,14330000000000000000,14.33
0xb964f13c6e8cb8b236be94db1767b25abe72d480,7430000000000000000,7.43
0xdf03f07b054210004783d07855ddaa4ae149b032,0,0.0
0xf7f5688e58bf6d798afcde0934b4b9185b8cebc9,4741320000000000000000,4741.32
0x785f9e4763fab455e61e52b9a6414c75078ac31b,0,0.0
0x09da1c12971759b4520dd7f29a5761f92f24b7fb,1040000000000000000,1.04
0xfb13fd05cae172a47d56ae74f95c4d5d5f72b73b,0,0.0
0xbe9b2868740584feefa0414a25d6774fc090122c,241570000000000000000,241.57
0xc58791fe5664b8d7836d4df30813cc4b3eec4347,1280000000000000000,1.28
0xba78a128780c6f36a8c23def594d6ea952d69236,42130000000000000000,42.13
0x04b8b5af39f4187142f75e920a11883848002975,950670000000000000000,950.67
0xb34c15ca798c01bba27af5f3029f7574cdcd97e1,0,0.0
0xe27141ca33967be5df82b5cd33d93adf6e04d31c,201340000000000000000,201.34
0x7de81bdc578d2c4013c147a21597bd52c128c652,17380000000000000000,17.38
0xe4329f5e1fafaefd88951272e2096116ee996301,0,0.0
0xe3ff14dbc85a0403738c65f67c778c6158d33389,160300000000000000000,160.3
0x0e2e252bfeff7bc4bfdc5a07c6afc04a7cbeb6bc,0,0.0
0xd7c051b9940a81566b9b940d7b7daf8455a3997b,0,0.0
0xa82ee3cdb023f21a38058abafa682902c910d4cf,31830000000000000000,31.83
0x1fe3c1c85fc3e065752c556776acbc392adcb48d,29720000000000000000,29.72
0x308709ab07945d786b3886890be5a43420095599,0,0.0
0xe75e6ca2f83a3b699510d508fa6ee54604b3be7d,38320000000000000000,38.32
0x3f48d1db70d48dbfe3cb32f8aa431471bc661b66,305590000000000000000,305.59
0xd62a5514cbf9c748a8188d88f54f0f0d73568df0,0,0.0
0xec40c8cfff44a3631c5e972c4ddf0702e666d6f8,301410000000000000000,301.41
0xcb7db076b6b12dd5aafc2dee4f2af23bf66742d7,18890000000000000000,18.89
0x0139f43ea0f71ac23a24f4f58daaba26af9d8291,0,0.0
0x0b7ffbb66a9847150a5e302c2be20727e9162f73,0,0.0
0x116404a839965041df571a067d613490fd65c500,678810000000000000000,678.81
0x1158589564962ffbd1c99eb4863f062141998b49,4420000000000000000,4.42
0xb681c301ae7d6b6d4686fbc3bde80a713f03acd4,1560000000000000000,1.56
0xf01ec9f6208bf5248df557f3da5069ab0015038f,0,0.0
0x3161fb3636a6c347972740f8a70d06de84b9c871,0,0.0
0x56463d50e1d58b2036b0dad19784df57d1aa6e9b,3340000000000000000,3.34
0xb2a43093e608e6da3181fb373479973e0680a7a0,942840000000000000000,942.84
0x1c67667c0dc15e07d8e075db61fc3974480cb9ef,0,0.0
0x54384e813145f49eb687e2f3893a10bf3d28f4e6,83100000000000000000,83.1
0xe58c7e8023daf836080ab1c0c751d6094c1dc73b,0,0.0
0xc4d80fbb52932ea650d258a4899055871f52f7cd,167580000000000000000,167.58
0xee5eff35d4072ec02e51b0aa22eaeff186c2dabb,0,0.0
0x00ca7dd3dc797f0f0c4532b03075dbcd96975bb8,0,0.0
0x4a2c8f889894d63382888f8e340f1793e047fdf4,15640000000000000000,15.64
0x5cee680cb532b09df69df457a31f3e949aec8669,0,0.0
0x868224d4a8bfb2cce4f85ec25e068c1902e8627c,0,0.0
0x791d41b061891e7701461d672a0989abf1bc4005,1320000000000000000,1.32
0x77a85fb4823344553b9906dd4b5505c5e50d9969,2416020000000000000000,2416.02
0x63e190d6f8bfb822a6e51fbee294c7ac687cbe85,0,0.0
0xda5a8a73a2014b378a94c962a3eae1302be90271,48240000000000000000,48.24
0x325f7a96c0a3bae13b93e50c07ab48b7fb0a9a73,851120000000000000000,851.12
0x5e65880648c3751e23a35e5fd4bc0953e88b339d,7070000000000000000,7.07
0x1da5735648d5c6f8a0c164bd2d18ef13699a8e99,26150000000000000000,26.15
0x49fd8f240387f1687695a84ed58abb7591a00c74,0,0.0
0x626162f9ce9eb6c7b1b87ec4bf11f9b9849b74cf,0,0.0
0x4f02a08f7c891311b34ee6c67154db8782743f4f,11240000000000000000,11.24
0xc89d404473109a6bd955f7a9a1a5e66f70599330,1560000000000000000,1.56
0x10e0173c8bb5d8df0e7c35d81bcfcc9a26d9a403,7820000000000000000,7.82
0x35cc98a1dd2cd732fe7f85499058199174014773,560000000000000000,0.56
0x9221241944f1776dcd48cb22eff5478a89b9e192,0,0.0
0xf36e4d7fe46ef08cafbb79f3201b92c0c6d89e44,1484490000000000000000,1484.49
0xc3176deaf906af9a7576e7407e41b24e02452fa2,0,0.0
0xe3cd5cf8403105edbc5e9c5eab905ac5565bb934,137880000000000000000,137.88
0x756331e79e4ea0121b47e585adcaf43d5470c69c,45390000000000000000,45.39
0xfdcc9494a8499bbc7037b9a75dbe77839ed33044,9500000000000000000,9.5
0x15656fbefcc1e7388b09120214e07a5e48caa569,37030000000000000000,37.03
0x76b1a0403d955f06db25b26047a4da06bac6fb57,0,0.0
0x0437b8a130b61f1829e680837ebdf5ae0b3970d9,261610000000000000000,261.61
0xdb9dce0222afac756c45499a7f7df707ba6da2f7,0,0.0
0x91e1054ac1ba15addef9dc5e956868e9c7a35a4c,0,0.0
0x5377f4c635c3fcb216ae2a5af31888d774fc3f5f,22310000000000000000,22.31
0x57135a008faa8c30728776da63d2deb7e9934e41,11607440000000000000000,11607.44
0xbd334dc99a77f6bc8c705d0f3e79c4148c2416dc,106460000000000000000,106.46
0x7e2142c1f1d9330a6960fa9c8009cb0e903c62d5,52080000000000000000,52.08
0x15ad947905a1af35da622f5bf22013ea87171ca2,720000000000000000,0.72
0x4c7ba6ee0c70afaea431d3d8e2cd47239887591b,0,0.0
0xf0a0284aa99f5ddde043ad8d1255126a5a965721,0,0.0
0x67226cc275c156e1ce746712900489312ddd48d8,0,0.0
0x40594aee4f3bad820236dfca99b6e1dafa66e45d,0,0.0
0x41ff5c587054f88fb61e260618356d3010eff6f0,0,0.0
0x23469f1229c857bddef3186aec495c9e29131ce6,13620000000000000000,13.62
0x9f8a4f6e2befc227ae14e76c61d8c566c918dc0c,3300000000000000000,3.3
0x1cc2c2b1492dc7d9fb752454612ab4499e438968,163910000000000000000,163.91
0xf7d48932f456e98d2ff824e38830e8f59de13f4a,348360000000000000000,348.36
0x5a3f93d1d7de357289b256e724206c9d323a3f2e,1360000000000000000,1.36
0x64f96a1b08b5f8638eaa37752c74d81dbc1afb4e,1789100000000000000000,1789.1
0x900833876d9a70c23303fa06f1a7dfeef29a2473,1440000000000000000,1.44
0xf6bfde7e2bb791f2063beaddb4f07acf42957d3d,65660000000000000000,65.66
0xda6e36d8b25c9bbee29eb567492f7e9438bf2a0b,0,0.0
0x6ef2f5778c91115fd063d30f51cdfb08ed6c54ca,0,0.0
0x4017205f4731f85fc870449e244375e7e8288c06,91920000000000000000,91.92
0x2cbc47be6a393fd0cefc21340f28088ac4d6f713,1858120000000000000000,1858.12
0xc768cd9da77632e7cda77e28e7beb08dc3f8d32e,20000000000000000000,20.0
0x9bb85cb0ee61f632986f6e96395f94f4acbd657c,3120000000000000000,3.12
0x65ca951145a5b26a7102bfc0945b0acdcb3d80f4,211410000000000000000,211.41
0x9dac0bad94629907a48f425d343e270815de0c05,0,0.0
0x83058b3b5fccfb0bae3f959f9617a8ec23851e31,31320000000000000000,31.32
0x79b109b170c2e99a6bde7a74725e4902235bd211,0,0.0
0x85e09d8f279685b25117d31e1a3c2e10ba09dcb5,0,0.0
0xf14040cf3f0c7358103915e403951cb448422baf,2640000000000000000,2.64
0x898f70ec43364661aec3823f2f838c1f0efbd1ef,0,0.0
0x2ff02e82420df0408a7304509d826136f066c9f8,24390000000000000000,24.39
0x6a681ae3e378ab6cb931af2f826f2e2839fa7985,222900000000000000000,222.9
0x0a7972db76bef61f7a474cb1fdd7ed5267637b0f,13320000000000000000,13.32
0x8d5d9a0d0c16ff2ee18b5efe8d8d570feda42ec0,0,0.0
0x275dfc57de99dfc136ae37740ac5ce322010fe07,0,0.0
0x7bc8556f9dc059fda073f167861fb81eb5d8b0ff,132900000000000000000,132.9
0xbacdd5771200ea09346562c79b2c722f31878f2a,0,0.0
0x384a0030a05419852e9e8253f77af898ef1315ad,64930000000000000000,64.93
0xb94f50937dff523d2b1346ab73943861c4f97371,3900000000000000000,3.9
0x9a0b5d2e0c3a60ff537c67225d0556f687162919,20300000000000000000,20.3
0x001f1ca382251b3fade8fcc4582d6a18a8dff228,0,0.0
0x44e6c1bd33e6994ca59e6a598ded2e3155d0bdc5,2147640000000000000000,2147.64
0xda6bb90690ae30d8ce8c3fbaf298d0db3d5ebdb2,2600000000000000000,2.6
0x36bd18c34f58863cc75092405f585ae9889a6744,3490000000000000000,3.49
0x082c118542a2219ac8155670089bcf3b1fa20ed0,143140000000000000000,143.14
0x79064890e3d0751f26508d80f319d8d2b1a2e6c4,0,0.0
0xea69cb95011567784786a4930e2aee90efd0270c,20860000000000000000,20.86
0x821b34146f26cbae700af58e29306f89d8a01973,700000000000000000,0.7
0x807036204902a7840c01f39959a40a45fc30d57a,394130000000000000000,394.13
0xe7cef628bbb5328d6e61d2a7e732033b5c93f733,0,0.0
0x602690d4180f016f495a61f7b3c55239ef0a09ab,0,0.0
0xe73a5313365d1b68f46907d685e806538e55a89a,18530000000000000000,18.53
0x3fd91ae5b5c22803f23838a9831cfd4ff7a3fc1a,93370000000000000000,93.37
0x0f3f82db70feb61429ddeb23d34ea859f8414dab,117520000000000000000,117.52
0xda5b90b4f175c6af7a7def1236f77acaf4ed4e83,780000000000000000,0.78
0x8ff6ea805d0be91791b3171c92f3431feb1f0337,2093900000000000000000,2093.9
0x29cacc19c8e9f0e10de66ea31c348a1e766137ea,680000000000000000,0.68
0xe8f756310dcf929c0dd1424aead738af10448ebf,6720000000000000000,6.72
0xa9f0d60d633410fe5de977a4c19eaa6b3eaf3e0d,0,0.0
0xf8f6c813e36ca1f17e21955a0c9e6a46423863e3,0,0.0
0x6cc798b67811222bd1b7a4555c6585f62113134e,0,0.0
0xc1c9cc8ba76b873042aff06f6a1683d367336b7e,0,0.0
0x1c2618b26f8c5df9e98ddd20f5c7771282823606,0,0.0
0xe1b0186f09c771563e5c2600d6b5195c9bc805f5,331300000000000000000,331.3
0x2d2ea7237a71240bcce25c43f6c6a67caf8a1d22,11070000000000000000,11.07
0x2ce22104ea16a7ec1e4e3a55dea254723df26479,1080000000000000000,1.08
0xbbe8c7e299028a2e03de50f99d3fee5dc06d857c,0,0.0
0x129dd2e81057b3bb52c2264ea5fcf6720a936591,0,0.0
0xd79fa1791d3c62680881b615f218d810ffdff3a8,11520000000000000000,11.52
0x09c162f70648ee99804f017fdbfc0f0f3a5bb4c7,313070000000000000000,313.07
0x1acc0acd369cf22e459b8e040afcc0bf4651d0c1,42210000000000000000,42.21
0x6d613e11df35bdbff7efe0a0629855a62b7ba148,48460000000000000000,48.46
0x3a9e5e90b35c13f271b4fc1dbdf3becf7b37ec69,1887370000000000000000,1887.37
0xbd68ca226a27b4dbb296d1c36d6b86b292f51d4d,167980000000000000000,167.98
0xa143ef86f910ecb21fb9cd8f2b25ba9e70d00cfe,0,0.0
0x65a38b90de77df18d112596bf664831926b2d5b2,980000000000000000,0.98
0x1b82aa6cee182f369e6cf9a72f7711ea26d29206,0,0.0
0x8448cdfb8a7259cc7dddf0659d26b7343216d8c1,20750000000000000000,20.75
0x4b7a44b8abfdcb7c1f5769107f3592f70ddaa432,0,0.0
0x262dbbcde2540f35f775d1fa6d9dda931408ceac,0,0.0
0x17c3ea68189e9c2d0031adcd3c6a95528030a656,2097950000000000000000,2097.95
0xeea99fa8883b25479f2ccf3320182654a3387619,3528020000000000000000,3528.02
0x275ce3c5450022c5a4d83d42e33dfa36dac03f26,568930000000000000000,568.93
0x2a14d44e16b4561033b2c6bb8747a17fb9e78213,186940000000000000000,186.94
0xa83f81f7f755d97a506b3fd6ffa73fd706ba6b89,0,0.0
0xa5b1a2794bbdb440b22f8ce52cf34bb1e90f2ff2,12560000000000000000,12.56
0x17bb5836af8bebbd0d6f42ac0d7975b0b1a06737,0,0.0
0x37863df4712e4494dffc4854862259399354b2bb,3600000000000000000,3.6
0x35554e84d1431707052b9347310d3abf1c751148,29350000000000000000,29.35
0xf1d2c24ba2fbc8627f18fa117924b8b9d2ff02fe,200780000000000000000,200.78
0xbe5deba62dba7f69977cda1d7740a07843c437b3,61770000000000000000,61.77
0xcef4af4c7b55c64bd53c85ac170abdb12a0694e6,33850000000000000000,33.85
0xa03acdc3256ada53ee408f1eb5394302c81de0a0,318820000000000000000,318.82
0xb96fd91c18a220ae5381ff6226979b3ab240fbc4,22425080000000000000000,22425.08
0x2106f698f94715aeb73b524696b54a6a5d784e7b,295050000000000000000,295.05
0xaadb275af8f5edbc8dc9e40afd849db5d7589a9a,79840000000000000000,79.84
0x9fc2c7396db2476059b63819524178b9afa01674,0,0.0
0xf6deb774b06c80564564abe67fa392063dcd7a3e,0,0.0
0xcfd15f0b656dedaeee9060fd5b023bccf9801db7,38530000000000000000,38.53
0x16fc3665b747800940c813325e2fd671d3c416f8,0,0.0
0x36eac437b566e63ab354c324a12e451c03a34138,14580000000000000000,14.58
0x64c4491db00c833c60cfbbedba153621589f9f4c,51340000000000000000,51.34
0xdc0a7c6ad6f1a3cf005ab736a4c979d55e8bc12e,0,0.0
0xe9a7da454bc7f01ecb4916ccafe7007f4c3729a4,0,0.0
0xccf6ad10b0f56723217f7905190d8be6bbdbfabf,7880000000000000000,7.88
0xd20cc1610bb0d0cf0daacb159ab6cc4787d9e6d4,1100000000000000000,1.1
0x87fbbd3d519c6393a6fb3e4c6247bd8708440fd0,0,0.0
0xe3a66908987149472544260a47fc4d33171af2db,74730000000000000000,74.73
0xc805ee3b14a6d63cdf6ef128158f521262ca5376,0,0.0
0xd951b8baf64e94378f9b800a8b1efa9d708725e0,0,0.0
0x20d985fd22fee3de8db5d114ad231c766526153a,0,0.0
0x72f03638f56ec8fd2ed881132d1dcfbcf946223f,6290000000000000000,6.29
0xf62d2c9c2fec2b9896dc6af3580a57657c38240d,303720000000000000000,303.72
0x1667764dd15d6dfab71febfa6d11eadb7e9bc1ef,0,0.0
0x7bf0027c41c189cab33fc6f45529e1f3ce43bfe8,27110000000000000000,27.11
0xb31d942da62a0c9ae053f0f2295f34d7d8c8554b,600000000000000000,0.6
0x9834c1f3418af38c3f2ee3e853441631cc03cc3f,0,0.0
0x65656127a7dcd958841277f9863bb0c068c72da2,16230000000000000000,16.23
0x801d7834105adf39164f6d6b1af751c67aa98097,0,0.0
0xe587ee34855a2a21a76c4c329f63f6bf80b19f1b,967380000000000000000,967.38
0xb609de87a224d0ccbb20aea3e272f77fdbc5a548,0,0.0
0x9cdff06bfb947eb4bd2b4fada33c893c095cdd36,3200000000000000000,3.2
0x46ff2af9c8c3c4ca90149225785bd09a80eea5a1,221510000000000000000,221.51
0x83d3f9a3f0020de84e637b6426be94bc638d0b3a,0,0.0
0xf1c0937457bdb6190554bf66b33635fa9efe0458,0,0.0
0xbd8ec552345f5b83753cda5fe2472b56a1afbe04,0,0.0
0xa9fbcc2f5e0ff79622b08a3656379c0773109997,0,0.0
0xaebab3d721d8e6427952961fbdc1d0b8b740cd91,0,0.0
0x14b872e46c955b2b13b9c895d5ced192c1ce1bf9,168640000000000000000,168.64
0x887ab836c8e4b4550a7dbd070dbbf3bd3f06f040,0,0.0
0xdeb8fba77d4f9cb8fa89a79a1dfff18c61d0a4a7,6557860000000000000000,6557.86
0x9e4bea6c9e578befded45dcfdcb3cf543b075e81,272230000000000000000,272.23
0xf7c0fee81fd8f5e61ff5a3f2e5b4a055718f26e0,97780000000000000000,97.78
0x88840c069def3b3ef325b1e103cb48bfc923085f,114340000000000000000,114.34
0x31e708d9dad92a5c25dbe6f6c4d17b53d735d4af,0,0.0
0x2c9d1999ce7c19732b9be5caa184f327ccc51163,0,0.0
0xc615cd0e42aeaa368f213b7e9904f959e276749d,560000000000000000,0.56
0x3ac6082f1bb2fb314c2f3b540b711f7513a9253b,0,0.0
0x95fbbf7f170adc6461fa0939c316f8bb9edb4a23,0,0.0
0xacdf579eb99fd939304a5604378bf9d67efac031,1463980000000000000000,1463.98
0xf313166a5f4e6d81b400f67ea008496ee0717801,15760000000000000000,15.76
0xbb4689ee8f9fca423d158c26424e2a7a658f21bb,269710000000000000000,269.71
0xb69b1f774a2a46ee08ab6d368d410b2fcf912c49,614250000000000000000,614.25
0xac816356ae892d0a8ef11ec4503f0e9d7f476372,0,0.0
0x2aa528430ff17d3191cbeb5bc86256d92f008a27,5660000000000000000,5.66
0xc9b6f338f56ff0db39ec44a4ad8a215b2c473ff6,0,0.0
0x2806ebcb009a009b89cafe88aee9e13cf11d51af,103260000000000000000,103.26
0xc05b1022947220473a4c7c7dee19286d68170f50,0,0.0
0xc26cd517c928cc9ec82d7a8a7a1effe9b211668f,0,0.0
0xb8f44621fe8c131e95c96169e9ede21e53cd6479,0,0.0
0x88d14eb9de4d6d2c6985cc72a202235f534f7415,281920000000000000000,281.92
0x125e89a19285e1b0e8092a65d5735ea7ea97e46f,0,0.0
0x2a8286970f3152a408f3eba70027633fc766438e,3594530000000000000000,3594.53
0xc84839229a27b288c94323141a69ea5b5560de7c,760000000000000000,0.76
0x104b332a287abae8458fbc935bf0a6b638fc7e0b,26127410000000000000000,26127.41
0x8c541d16d7eb7c61674c5e28cadbfe5aa136a618,0,0.0
0xe541c0c2804109866ba41ce50f728f58d65256a4,709070000000000000000,709.07
0xc372b1c7b9748c3ba3f8e965b12cf913d04256ab,1560000000000000000,1.56
0xc1bb70cc1763027925c38aaf5deb36e432dfa78e,4600000000000000000,4.6
0x3864f798bb6a5ab704cd4aac47aae675b8533cb6,176850000000000000000,176.85
0xdc167fe76ddf75c6ad42aa609cc61cafc94ebd82,0,0.0
0xf4678cd3533bfe88f4a2c5082d7eb56bf04b3e1f,0,0.0
0x96b425f8b82b5b5b881b2b6033436672c17a075f,720000000000000000,0.72
0x285263eb8f323807162ecbdec7ed20ac66f60985,22140000000000000000,22.14
0x17c2096a82bef9749e007e86c6dbdba397f04dfa,76500000000000000000,76.5
0xe3054fe4468713884d311d096e5b9c86b13e2973,97230000000000000000,97.23
0xa9f484ff8ba2e8c4b15c594cadec8d2bfefda09f,12040000000000000000,12.04
0x4fba10e6438a619fb8dab123a35fe8efc80bc082,1220000000000000000,1.22
0x886b47d926a557abffa3db32aba73940007ca1c2,0,0.0
0x16cd576a6c031988e90c70899fec46c8531d3ba2,19330000000000000000,19.33
0x89eb90d4bb8d65b98be6e64246db95a6ae43ab36,0,0.0
0xf0198a8eaaf8d9c9527d628afa0beabe674169a5,10480000000000000000,10.48
0xf5aac8202b9ed2d05de0a5b5ac8b5c60c167981d,960000000000000000,0.96
0xfcdef0d218a6e05c725b8e5df022f23cafc0b6e6,1840000000000000000,1.84
0x833f0082e89925413b04c99e7d62d4d96b371ee6,27721870000000000000000,27721.87
0xe4814e7b8ab7fb4bfded382aadd051d4e522a847,2570000000000000000,2.57
0x60174f2518f693fd696161ebe2681ee66ee8d742,372600000000000000000,372.6
0xb47f2076e4b2a6cb6fa95c520d6345ae2186c893,184550000000000000000,184.55
0x774f43557c38aba64c32bc955e6083b444a56fa1,8780000000000000000,8.78
0xccf44cdc6ef5da3b8d54730d17f5c67e53007c8b,79960000000000000000,79.96
0xef5db55ef155ceda3c0ce197d4e7f7a39e6d4c56,84640000000000000000,84.64
0x3b9f1f141479e131f602f3436c99281e0026b604,1840000000000000000,1.84
0xe004c51d4adfc65f8ea99f93b40309dd189f5631,506820000000000000000,506.82
0x9f59847e5102c0d8cf9e2ec2cb1c5d84076a37cf,13300000000000000000,13.3
0xec3568cf63ac7d1505582f5ecd12dc6f8588976a,0,0.0
0x1b4dfa2a2de6d00e4686cf392a3c88ee555b1975,119130000000000000000,119.13
0x5b5e81443fd6468b22484e7470feff12237fcca8,3720000000000000000,3.72
0x300019bc0dce5907e445a83313185a01bcaef2e6,0,0.0
0x4670448c41a93c972bfa45b78a75e1c0cdc83ffe,1200000000000000000,1.2
0x1f84bfd417afb15d37f6331442dc7328c882f5a5,0,0.0
0xed4153f50bc22547e7699c449cf9bb74a71d875d,255500000000000000000,255.5
0x3857e57e9b836ff2c47df296b6c2d21a7200b3a2,0,0.0
0x9f97f0c70119e936e4ef347b28d9d9e19edaece6,0,0.0
0xdaa09ba94139370ed788435d6c4071961621e3e9,0,0.0
0x6a4e1257f50bd9db3e4fd53bb1c8b72f272fe679,0,0.0
0x95225681c3ea761d727097469a3355ec22eb4cd3,2600000000000000000,2.6
0x17f0abae993019ea3c0f25222e0a89abe99ca81f,133690000000000000000,133.69
0x8cb9072fb65b7fce134ce19525813d5a018232aa,149670000000000000000,149.67
0x3a0743fd2a7c6678dc626c03ee6fe60a2a060097,560000000000000000,0.56
0x605d524f0fb3ab8db8bc55f6ef2831d5d092052f,5820000000000000000,5.82
0x8d8a591f6f4c7f6bc11d50845370503a83b5c18d,15191980000000000000000,15191.98
0x876be7f77e20942b7034de60769aac3234cd8b3b,1120000000000000000,1.12
0x4dd4530d2f3f00675f74280e38082e6058ac0fcc,0,0.0
0x1c27900fce5b1fbe7ef9a413d5b554aea9d37ab4,720000000000000000,0.72
0x88a730adca21b527a021620bffbfded146e60bef,40550000000000000000,40.55
0x6fcd1454fe81aff9cd4048c9b763a120ee4ef9e5,44730000000000000000,44.73
0x21afc088a8b3fab256ace6e8d8451d09329c8ee5,0,0.0
0xa4bffdac7aece81386fd83e94cc51c589b1362e5,1011540000000000000000,1011.54
0xc3a7522650338ce2836fe29a36cab92adb0bff72,118480000000000000000,118.48
0x7032434cc9ad2e62533ec1a8102940a810e86c93,2580000000000000000,2.58
0xbae805d3bd200bcc8bc295ff7a051462a9810035,0,0.0
0xaee3a01953341f4e36ca801ecba4b9be3d12546f,560000000000000000,0.56
0xe9a1735e5c6027bf5be26a1bec2ba43a6e3fae1c,0,0.0
0x869609d6bd1b9552724d9fdc5483f7b4abd04a3b,381190000000000000000,381.19
0xb9c0e4232317834511be59964e5259d3d4ba8926,1308780000000000000000,1308.78
0x937e1b1c107c503e04096d6e2a4344121ca53b21,152440000000000000000,152.44
0x1698ce91a1704f0b25749a93fbf6a9f2cce2e4a6,0,0.0
0x29c5f1f6f19f76a3b31e584c535c2700136bfb25,0,0.0
0x053f86614d2bbe29e0776adb85f5e1b008c26462,1060000000000000000,1.06
0xe00815ce56aec0cf24005380f6efc136246727ff,0,0.0
0xede99fb64eeb6f040a3160fb4e63cae170d7fa18,0,0.0
0xda2415150c5fb1c2373f3cd2ad8f6dbe18f56b64,0,0.0
0x704c9d2f0a69c1644c887d73ec682226d362fa7c,580000000000000000,0.58
0xaf33531fecd42fd9621b62b6cb372b72f0ad22a4,1400000000000000000,1.4
0x52175a1000b00f9967873d23e5008d8ee3431d56,4660000000000000000,4.66
0x56edee17bc53c5a294f9ec38ae8073d20dc182c5,133140000000000000000,133.14
0x64da20fe816a386cb823bebd8b5d55fd46b7623f,760000000000000000,0.76
0xe74864d2635ae86e348aa9bc1fb71fec56bd0939,0,0.0
0x40875d5bd1f0e87e2bc4b7d9b10e5080a46b4841,7040000000000000000,7.04
0x81df9af71cd2e4b4f76aa2e17caed212ad4fe07d,4270000000000000000,4.27
0xe67a47af5e439f7ca56a10552d4bb7f1c411a540,20770000000000000000,20.77
0xcc6fd4d003f7292d27443749e437f4047c6e0436,10810000000000000000,10.81
0x7749a334187bd656c3754f0816ca16c5719543bf,50010000000000000000,50.01
0x5f392062fbbea0bc085f910691a38cab4b605a37,19560000000000000000,19.56
0x73b8f4dd1720206ef6a26300310b95577284fad0,0,0.0
0xe2ee1f443f00b3580c3d82d496b53ffc0ea71bb0,82600000000000000000,82.6
0xedaf0a9aa2c91091607259bbc17e6846baaccbba,0,0.0
0xaff1ed4dace22effc04cca6eb6245f44da6bf6e6,0,0.0
0x4d1323146fcc5461d2ddf36d42fd25b9409e10f5,1540000000000000000,1.54
0xc9ad05b3e93d76e26188487445025be47c69b7e1,0,0.0
0x62283fccdbd295c590524f651908724dbaeb118e,0,0.0
0x0030590e70b3b0d72402c69f456673b8c400f2e0,86530000000000000000,86.53
0x1ad6d7315daa2b0d027fe32f27030e7332d1c9d4,97360000000000000000,97.36
0xa42d502c6cb989fef6cb5bedd74af837ffee4bbf,33531470000000000000000,33531.47
0x62ae1dd2f2a4ed0133b5cc6c295006e2a1129597,0,0.0
0x8085e950a75fcabd6e07cd5985bae5edf61296e1,0,0.0
0x56c2f15bc7bbfc25768e93979ec310dc63466a3e,5200000000000000000,5.2
0x0152455261c868fa671c76dff39f8326a289074f,0,0.0
0x7d59bc50ab68ee2cfbf05dd2fba61bda3e95e7eb,64030000000000000000,64.03
0x59f4ed37e57158fc95b127518aebcf64a00cd983,0,0.0
0xebf692fc39f2d91b08fa8ce51ec9a89cc6422b73,1740000000000000000,1.74
0x5f063c79b351a5ba3e6ef46a1d3be1a0224af1d3,2508190000000000000000,2508.19
0x2ca1993a7245e793a5b5ca4ae5b1ddb5be14d4c1,36430000000000000000,36.43
0x44df14477e3bc96f3d9eb2bb970d7d1e65a55de3,86610000000000000000,86.61
0xf27df79ba2194ac6f540704f305c574801c55864,863060000000000000000,863.06
0x2ff61c2d0df46b8c73c37c4f4612e155899aaeed,54490000000000000000,54.49
0xfdb68afdebc651d26bae98cfa4921c08eb18905a,1818640000000000000000,1818.64
0x05557332b2cb1cf2a9711a88c878c321b66207e4,4900000000000000000,4.9
0x391fe0869edb7ec09a818308f2097d9dcb033c7d,6010000000000000000,6.01
0xf8921e0329d334a24709adb6be4763bdfbc03859,61500000000000000000,61.5
0x315c73e2f60dcc60b35e1f7e0e53be93b4167bff,0,0.0
0x5e30438682d635d1e561fd79b3af679d679ca2f0,34150000000000000000,34.15
0x59292c1726ab4819f33dc2db4d1c45527364fca8,51380000000000000000,51.38
0x2a0f53af59347006655e605c056d2e9ea1016ba3,86210000000000000000,86.21
0xd197cea70cabb5840e148b3b27bbd266250b283f,1340000000000000000,1.34
0x4a9cb5a55915d108c54c6f50d9eab3097b7ca6ab,18790000000000000000,18.79
0x0c9b17de3202ac9c948d329fc8a77a2b3e3ef163,0,0.0
0x4af520bf5257a7384ef78d611674401fc1e5938d,10064420000000000000000,10064.42
0xbb00a58e3a1ea848682353f79939056a69248fbd,560000000000000000,0.56
0xae3224437175c5a5f6b3edda6758d32dc202046b,5860000000000000000,5.86
0x4fee06eb54d0c48cf6760730499f37c1875b07db,7420000000000000000,7.42
0x5566f89cc82172105c671548f1d77c0da131bb14,246120000000000000000,246.12
0x3e6f330f7deca3593c130162c4da630f369045ba,1963160000000000000000,1963.16
0x77d29d331b5f8d1ba8ba49b840c189916be4658f,3210000000000000000,3.21
0x43683537cc5505b0030a94617ae1e3b8092f8496,12540000000000000000,12.54
0x3c7308ee9342805bc6daa3139ad5f45d0097663a,0,0.0
0x90c2411173957d5e6beeb7f42143cd4d6f2033a6,96700000000000000000,96.7
0xb74dfcb6394d6d1dc9a117726c6f74fb66131d1e,0,0.0
0x9491e87c281cc15fe1edcae5953cfb00b0f8d5c7,697190000000000000000,697.19
0xd96a108deca3cf383b1556e9c89762469a429e3f,0,0.0
0x7c945b48b0bbb207577f1d4e183b8fda377483da,3360000000000000000,3.36
0x7a7ea070e115f36b3ae264ac8cfcc58cdfd540b2,40780000000000000000,40.78
0x8a96366233b567c667481ecffd891f43b713cf42,425930000000000000000,425.93
0x9143e3180991ad0924d771c6c060e4baa96a75f5,0,0.0
0x4db20322ab73b54e5c5b9ec8088d15c645ecc000,600000000000000000,0.6
0xf1729edce44aac79b4566f9fdc28ec9a99561267,0,0.0
0x8a8945ddb7a70f50593207c6c0c8db7d61b66386,241340000000000000000,241.34
0xbe51a77f0d2ce7d3b58534556d42fa9c6be1895e,0,0.0
0x16c2b16df7ac02a12fb9cc728d05ac48bba739ea,0,0.0
0x5f399d514564cdcb3a777771a0ab2910ab8185ad,80670000000000000000,80.67
0x8b3c1e421c5a2f571a0624e25c977bd36cbab199,26530000000000000000,26.53
0x874fc12eb80efee30efad4886671044db6259fca,1707130000000000000000,1707.13
0x1eafd2c04feeb1be61cdcf1f6fe88abe71b2ef4b,4642760000000000000000,4642.76
0x85b914157256ded3a2a6a833e34efa368e0d2f73,1440000000000000000,1.44
0x560839a2ab0b11f67b385e4f9b0f8c3ab664288c,8980000000000000000,8.98
0x951ecd3d7c0da1ebcf4d82a6f6229bed5b5de22f,0,0.0
0xddfa6f80ab57891c4f756b0986e776498d515705,33560000000000000000,33.56
0x3032c9a6de0c87aec1a272911ba1f5897609882b,16440000000000000000,16.44
0x662a2e21d9b40f3c5bdd090cf465ae342b4f6b22,10040000000000000000,10.04
0xede9844ecf11956f031b1284f6e8c7c3f90d935d,5300000000000000000,5.3
0x7e2a692860773c9da25deeaf38c44b9ae4f58d9c,0,0.0
0xafc621ddb2c8399cebff8642189fe7a17599b9c9,13480000000000000000,13.48
0xa179facf951793fa8067ae519f8c55657300edb1,3250000000000000000,3.25
0x6a798165ff626d81b7ae708fdf1eb61f04198b32,0,0.0
0x9a18a43c7fed6034ddb71f86210fad06446785d4,188710000000000000000,188.71
0x24762bd395e726fb94a37e3c3e51e7e19a9d7681,8209560000000000000000,8209.56
0xe3438e31702fa8d72a83e7ea89fdf92649196862,520000000000000000,0.52
0xf4d9767589e3845c04413e241a85ed5ae8bab0f9,5491670000000000000000,5491.67
0x96aec9a5c2cc018ddc0379255cd2f8d89a9b91e3,710980000000000000000,710.98
0xb8ae961bdb8937030e47b8de376704ed17a9d278,684880000000000000000,684.88
0x446c616ce12c7213e3ce188ab2f9def2a3c20712,0,0.0
0xeee26e1ec796fadeb26b973f670917366ca09737,10780000000000000000,10.78
0xdf4c04b60c00ff27dc3929879233456e1980a621,0,0.0
0xc1c914d672a936f9f1793d37bfd067a410a3d3ae,0,0.0
0xd139db73bc60e0f8b13ffe9dccf11553e715ec50,0,0.0
0xfdbb1ddd24981575e02b8cdaabc2b9452d0e379d,4220000000000000000,4.22
0x81eb4385a340e0c21af9eab86c4c9ccc1399fb25,11256870000000000000000,11256.87
0x058d7638f0adc99a0bdf306696b7284a42d303c4,737670000000000000000,737.67
0x594fbd054a470f46762d861356e452719e7c0539,1609220000000000000000,1609.22
0x86143c875bcae83a5e4ee14ab93a9ec634c17b96,0,0.0
0xa62d3d60d4fd743c32573d825c5fbdd89ad3ee39,0,0.0
0x5dde6ea2e2e2547ce33052140f60a9d112d68f10,0,0.0
0x4c8fb19593d31f9d80b124fcce565ddc88b832b0,64030000000000000000,64.03
0xb761950c9e78386a362cee62dff9c78f7db39d0b,780000000000000000,0.78
0x674e45526c4989c57be496c050e34957b7752313,118570000000000000000,118.57
0x5e3e063c2e7cf1390b04dffc12975af9dc5dedb2,14390000000000000000,14.39
0x5991b17522928e8a938b9123fd8392825c225b97,880000000000000000,0.88
0x8d7ae423148195be5ebb5abfdee1fe76677a6e0a,9020000000000000000,9.02
0x14aaf641d930a28350ac53b4a9a28e75aefd7122,2796300000000000000000,2796.3
0xc50fde931575e79df7345b0b784950ff8ab85ac2,780000000000000000,0.78
0x5bb7ec4c23e8d47dfd89adbe3a9f47781ec180f7,0,0.0
0x609c8944ba9d9b33663b51e13e358bf1444fbb7d,13580000000000000000,13.58
0x36c2bc742515f4d41f7ca1eac17ff3e6e816363c,157670000000000000000,157.67
0xbd678f2812a254f81ef3b9f1e2b8bbd05fa3728a,8899550000000000000000,8899.55
0xfe9a0e85de6daea70461314180d60a3be18defdf,13311910000000000000000,13311.91
0x71e641e872912b7e7ed509b1be2e2e006992c89d,116700000000000000000,116.7
0xe71cebeb28c9e2f9c4174135c4aa2fbb2180f759,0,0.0
0x1d6756e823165c971a82eae77d6867404c626112,8940000000000000000,8.94
0x48eea6cb9bedd40ae44d1c4d3555affb3a9699f7,844560000000000000000,844.56
0xd8baae5f57bdf06c3dac6e35a248221aa17e8aea,0,0.0
0xd7264465e2b180552d83338cb97ff4f58d24b756,1700000000000000000,1.7
0xfc6990f20e9eaeeda99adc8e7e30dcd328199775,233700000000000000000,233.7
0x3cd7254a21602a9bcc9f75b35c1fadf0ee151947,190440000000000000000,190.44
0x668d976713fa95bfde49e088b088356bb8c5229b,72980000000000000000,72.98
0x46f2c7f02335ed10bed74310adb04e849dad87f9,111660000000000000000,111.66
0x98d38568251eccb9f6c974e3d149c37b928ff716,4530000000000000000,4.53
0x496b18bd138af1833a7490159a45dde2671117c4,325690000000000000000,325.69
0x61aecca1932d59bb8706e0c5fb50567c67dab161,0,0.0
0x0035549774030a5ad8eb0eb817ebf4278fd45eb8,0,0.0
0x1b6ded046b31967d398ff6602b28063eee4b86de,0,0.0
0xc2c11231028af447bcbc8259649c63fbbae70505,0,0.0
0x9b2094552088a0137754d5d106dbad546b5830ba,42560000000000000000,42.56
0x574c11d9a3e34f83004b566d5892e93a528b8767,0,0.0
0x7babd703286d9310efa6cb667c533330df9593fe,1850000000000000000,1.85
0x4a481b3aa70d092303c06be59a6bbfd26290fe7d,5060000000000000000,5.06
0x696fca6aa249d4ea35b69840ab23c4d2d273f756,50650000000000000000,50.65
0xb8b072d8180f0584b268df729ddcc828e864ea8b,883050000000000000000,883.05
0xec57db8a7dcf7beb23cf732e501be984886807b5,0,0.0
0xdd4b1bb91cb83d378c9b997644f479defd5c8a8f,7320000000000000000,7.32
0x6ddf41d856143427cd5a8b9c175f9d1e64edb5c3,0,0.0
0x9646b00f003132ea2fffa9ae78e3b29a5c92674a,0,0.0
0xa1419cebc7f6c678d6be39054cc69522dec9e8c3,0,0.0
0x9f833f74af242bcfbc5c0f3f58f67de4061975cc,20510000000000000000,20.51
0xfeb433505b5814382936e4bed0a5a045b1492ddb,0,0.0
0xf5ace50e60ea08987e934b7864436f2815b37206,760000000000000000,0.76
0xfccb9e2ac294c7a6e8b710d9376d7c77c9092a95,0,0.0
0x1b6f02ff7f0dbc23bca5c34c1a8a975f45adf402,11005840000000000000000,11005.84
0x42aa1ac72ff608610ec506f3cccd4ac394f2705e,237450000000000000000,237.45
0xa8692e1e65c9372fd2470d710b0f76a734a80874,69490000000000000000,69.49
0xfc3193f2f49f7aa06e99f8a5189c2734b05ceb32,0,0.0
0xccd342a9f468bab376488e5a40cb0018bc44433b,0,0.0
0x966633666cf9dc44569c413c8380ba906f358285,1055410000000000000000,1055.41
0xa842b9e8d3a5f7723aacccce414d230de2c2ce18,37030000000000000000,37.03
0xd8538555771ac9d9aeeedba3971256e43ebb35d2,52730000000000000000,52.73
0x36f58db5d8d306af10a1a39a65e8066bd134ae5e,18480000000000000000,18.48
0xad15f12ee34085756dd4843716777e17dbd7419c,19140000000000000000,19.14
0x26997e6ad5bfc51031812917d213d3ed25b195d7,1070000000000000000,1.07
0xa42dc7bafd65d1af11c835d87744c36ff219350e,9300000000000000000,9.3
0x8eba9bd627d290af737d74ec58690a2d50686b10,0,0.0
0x55a4fb36104961b6a713a7fe0a5d16c754e71928,0,0.0
0xf90dabba87adb63f51c5a98bb4520e6ed707a836,76420000000000000000,76.42
0xa6d5dffb22c6755a6ef2550d050de35adbdd67d5,3640000000000000000,3.64
0x3b5387e0ef9bcd537ec1c691926f8c7ce26546cd,2580000000000000000,2.58
0xde9638f6297053b90f0fe13a022ade5be7f8d813,2650000000000000000,2.65
0x9e7639cf80602f32097b666a416062d0dd66a152,5567320000000000000000,5567.32
0xad40fda29d10b4d013f933d921ef8791cc3e5c44,0,0.0
0x823c1ee6b3dd9b353b3c707dfc4afbc775cd4c52,2310000000000000000,2.31
0x6073cc6bc65cf5298a0f14b0368d7e9092658601,0,0.0
0xe5fe443ee02b1b02043440cc8fd2bf06a6eb04f4,3620000000000000000,3.62
0x32022f845a3ce3362d26643c98938077e28668c2,1100000000000000000,1.1
0x99e35163ecb107cb302867af6e2201a95fbb26cd,34470000000000000000,34.47
0x2db47b0ecc1812d6d2153b15a4ef7a78c7bb4bdd,0,0.0
0xcd4bc69dc69acb3532f0f99cbce7d3c869b803f7,23910000000000000000,23.91
0x255ec4a7dfefeed4889dbeb03d7ac06adccc2d24,1321530000000000000000,1321.53
0xe4446058f0073e41830f1d7785f4321832505bca,0,0.0
0x3b2d11031786e57ab28d65410fb44c1f3ce80915,0,0.0
0xeb44e77d37c9a88f8e6e5069c1a95675d01360c6,0,0.0
0x51581c5582e06c2e37ef6aad2fd17da2861ba827,0,0.0
