Address,Amount
0xdeeabd2753049d8ee0c273507de4ceca3f5eea72,440
0xe583abca6c3cabe978f60dcfb04eec1f1c4be209,440
0xab3c035b68497a586bdbbd1092337d83e6c7015d,440
0x2022297df8c62c33a4b01b693e06f704d960c20f,440
0xc2e0f66ad6322aab458809698297790d8cdcc809,440
0x275dfc57de99dfc136ae37740ac5ce322010fe07,440
0x436a140b57a5c9ab0ccf0f8bfe3d85ed6142014a,440
0xed81a747fa93126bb136f9020fe7a2b04a35e809,440
0xfccb9e2ac294c7a6e8b710d9376d7c77c9092a95,440
0x9ead7008757634b6474185da1151791f06c9a3b3,440
0x8e161b79546810042c7508ac1f1c6963819d60bd,440
0x4ef66a65fc0af3c52f981937aece8fdc77f71ae2,440
0xfa5f5ab5e3fe8149a33efdd1ed9dd9ab57ad7fe7,440
0x7bf0027c41c189cab33fc6f45529e1f3ce43bfe8,440
0x0b14e4fcc10bd0da224b823b6d783f10f7a75634,440
0x4e882851edfcfad4121d4737b427bfad0c80d327,440
0xd3cd594750d90cd4db3dffd6a3b9b26a2a3ca211,440
0x7a3623f6752c25aaf01934d0f35eba187026bf42,440
0x09536f696161c22463c8c38e69bfaaf02946c70d,440
0x47a897e6345806585337db80b5ca0479927887f7,440
0x8ca06b7aeb6d3cb6fb35b01f867439b275e7af9c,440
0xb7c6d47dfdebcc5f6b5fef43f493b4b557c4440f,440
0xb681c301ae7d6b6d4686fbc3bde80a713f03acd4,440
0xc65522542dd6b9be9b59a7fad9fb5b45ee7657ef,440
0x6e4eb24194c6f2487bce229416d9928062398c4e,440
0x1b8ec723639928bcca5026f4338e90f4f96c729e,440
0x9c078bb5d594ac3f75889f08ecfb0d6399aec67e,440
0x729f42716b59e9f90d76649d8646f71866e0e74e,440
0x3b1d03e78685fd822fd7c8fb09ce4ff66011ba42,440
0x6b04f236c6b86dfdc97b807e2276f3c03cb38387,440
0xdf6c385615a28c87b47c6ec371cf8214f7d4715e,440
0xd5984506a354e9286225e8b13ffd6a8e11fdad0f,440
0xdfe97411d48a10bdca4083d00a49fea007be2e24,440
0x888dc1e7f058f8f342cc321269f3cb6b077b6860,440
0x14b872e46c955b2b13b9c895d5ced192c1ce1bf9,440
0x3b606b9eb0098f40b502346d160ebcbb8932e4b2,440
0x90a443ad72d91a042cec1e1404cfa396f90171ad,440
0x9bb85cb0ee61f632986f6e96395f94f4acbd657c,440
0xfb961089dad18257d397a23b4d2b00111174a2bc,440
0x667206109329c27ef2972cbcf57ad9004f220243,440
0xda5b90b4f175c6af7a7def1236f77acaf4ed4e83,440
0xf81a48410c448b1d587be9bbb3b23938e9f4bfd4,440
0xcc7285ac188dd50f82430efc776a0ce34a2ef2a2,440
0xf8921e0329d334a24709adb6be4763bdfbc03859,440
0xc42b83fcb96f8852ea053400f3073c2b0ff3c470,440
0x8b1eba32fec1d839e3e745a9ea90fb34f940030a,440
0x3452357b1b257b0858367f9a9530bd64b21928dc,440
0xabfbaad923a37065369624934ba6f0879eb21843,440
0x0183f0ac28e287cbbba6ef10dc01dc4c9a62e524,440
0x103ed903c8d0e77abc6b8ca6b73ef064196ad849,440
0xcac1aa824ff86bccf4b67b05bbf46ae515883c7d,440
0xea3193e31c1d0fb68f190dbb26fdaabb89aca30a,440
0xd55e10770526a5a80d77c8dfc2ed926a3b69b3ae,440
0x8b1ecbd94f9a37f2c87da0b9e32a9939feb900ff,440
0x949784ca7be0317f27f3cd2da68a47c01cd2bb79,440
0x802d5eb9932297775460ba2ba90d339938fff417,440
0x867534b457ae9b9718e040129946b03c1121af87,440
0x4dac0e1c7be302f1f9a78abfc56ccd09f6b0f323,440
0xe5aa55f38df108d531246c2c1e421a92324f30ee,440
0x9df778bff37c4ecec7eec3367cf35141228bf1f3,440
0xa4099506e63580624f8b47a8b7124b52de765de2,440
0x7e731f1167538b521b9c0051d1e93692a0922af1,440
0xf3e8d03b200348308db705934f6ed428b8f289dd,440
0x9d1a65a2a4c841050901312270f6b361aeb05de1,440
0xe0892003b381610cf7dd83bc3123010eab47350c,440
0x609c8944ba9d9b33663b51e13e358bf1444fbb7d,440
0xcdf3747461aebdc2ed347d7022f3aec607316584,440
0x59f4ed37e57158fc95b127518aebcf64a00cd983,440
0x02ed7d45040fc9b930040e30a2cdbc796792035b,440
0x8fe8dafeb266ffd6288b3f8ba84cc0d173059d20,440
0xc85c19d2513b966840f40ef31ccfe76229761dbb,440
0xd96e09913ee3e3afafe0921e2baf973aac8483d9,440
0x1618c28678e2539519558be5aaa8d0a4b38e4c2f,440
0x154df1151f17192cd59d8d9f4b2ee2900528da10,440
0xb182781b737ab44c1ecd8a2445f08aeae727e1c1,440
0xa7546c180384c0fe2db49179742a85aaa7904c99,440
0xc2fd70582ebef23623b0ea2e16e025ad95ad6bf6,440
0x5e40e6eb4e56fd57f4affd04efef625be0b2d76a,440
0x1a2e56909883ac8fb0520567f963422839d09b6b,440
0x608407ff289fe2361cb1a79257bb3027d6b61c61,440
0xc6a707017b8e7a252b2eae13d8018840413f254c,440
0x1c32c58554b50639796777ee29d84fb9b25dadc1,440
0xaa18f893833d7fb1b93cb6b9929c53b753b6e231,440
0x95a68143eb5f5589d87294bce97b90d0fef706ba,440
0x698b75ad755bc4f22ad85723515de719030344c8,440
0x087894b8da3986fe6bdeff16e60d624e5653a77f,440
0x93a7c39d7f848a1e9c479c6fe1f8995015ea2fb9,440
0xac44622e9e1620792eea25d431274dc8c2785ff8,440
0xf7f5688e58bf6d798afcde0934b4b9185b8cebc9,440
0xc6a69fc1ed190b2dde03c35585244350b6e690ab,440
0xc64ba33d634d33f7ccbc909550cf0719b7a6476f,440
0xdff2ac111ad7f752da9ec54a6d56d02a8a5d4896,440
0x29e323eae3a4d830ea3f01c4816ef0b18ffa49f6,440
0xba29222975cd522750adccb63e99f1a57da29827,440
0x4be33b367cd205aeff78c2394b5b09d5405d2082,440
0xd02727222381de5ecb524c5238fe9b06a18f7057,440
0x539edd96b903c6bfda5a54a28a74a85432309a88,440
0x7823d14177341657435a693ca53426f9d3a1bc81,440
0x90851de4dd9e4b16547507d0d4ed365f416229c8,440
0xe1b0186f09c771563e5c2600d6b5195c9bc805f5,440
0xe365ca93293e14b8e29e04e60f1e428ff3e7297d,440
0x2d5885bc0f80188991ff92086aefe8fd614300b1,440
0x40da2e87d659dda3fc990e26e48b234b743935a4,440
0xf73c4dd91cbcb7e8532d05b16835e14d5f4e2394,440
0xfed9ccf056993c66ea7571eb93f4784d220ccd70,440
0xda39865893b8389f7da56d51f53cc60f69114930,440
0x4b7a44b8abfdcb7c1f5769107f3592f70ddaa432,440
0xd82ef39a6aebb4d3b0294ffd4daee9b89c28c655,440
0x52697f45be286f9c73e5753c8b9516f8516571fe,440
0x325f7a96c0a3bae13b93e50c07ab48b7fb0a9a73,440
0xf9e665162f84885ccf60c88e8fecebc39dc5631b,440
0xefdbaa10bf7c18c45b80b5dc267acb0d9dee29f1,440
0x5b509940cefe446f450f9fa6ba4c073b919afd87,440
0x1ecfe2d9d45e1c08f7501c5c2cd046ac0da47f9d,440
0xe27063ed2c41e956c26d72169035c702d6f6c91d,440
0xeeca2eee9d6c895267dec9fc1c8e1e62c99e79b6,440
0x3c420c38b79dc17ede4aba4efcbb5ef9b3a8d997,440
0xf9e274e5ef198394a7320db5892d6e05e7f57a45,440
0x56b4b18f6293252fc5eec4e5df1915f7218d04fc,440
0xeea99fa8883b25479f2ccf3320182654a3387619,440
0x5e4be30aeccb0c4f9811eb3876d0271ea826eb67,440
0x897349fa3b34ea72dc1aca981bdbe99ff0d868a4,440
0x384f1c3683055e0818f1dc46bf5cc28c0723cab0,440
0xfbd8a4d2f81169ff662e9ba0bbbebe4ebe537f86,440
0x5234d60bba8d01b1f398a26c668f009b779bd6ad,440
0x6dc3237908467f123543e198992cc4a601ce21f0,440
0x36bd18c34f58863cc75092405f585ae9889a6744,440
0xc582f700b5b9cdd93012ebb2c782aeef5261b7b7,440
0xde68666d4f51d71ee07e563fad5e7168a635dcac,440
0x714b3cebcc5d5aebcc4ea193f1f2ef6cb1fa4e21,440
0x23b03d430544809e76a3e21a17074d6158e3fa40,440
0x4ce9444ab98962ae1cea3cfd00460bea3d67a17b,440
0x7f4db3a7268ba32446696d12204fdddc7b3bd97a,440
0x00b2d08d0cdd476c328bbf6d2ffd2b2ff0d7d15b,440
0xa8692e1e65c9372fd2470d710b0f76a734a80874,440
0x6d759203439792d1009010e9e3dcd15081983861,440
0x6983f0bccc0f5380d1fcad618992bddb7d08025d,440
0x67772587e27b11400ce60b3e9a38c2d233b4abee,440
0x536a72ab6af37268b26ecf6c6f3b08d88ef0babb,440
0xc65aa07a7134b08a558cbc29aba93cebdfb02a33,440
0xe2bf5803b7b85aedb42eb1fa47ac7f383cddeaba,440
0x626162f9ce9eb6c7b1b87ec4bf11f9b9849b74cf,440
0xccbde23c40483272e47c04d7ec9ef7ab7f3b6d6e,440
0xe8818b0727178bbfa5b2b88a4fe9198677b444b6,440
0x17e1a98285351d294fb9085a1f1c1d631e98e2e1,440
0x50a86884fd3994a63d2c3d29aafd7dfa62377c35,440
0x8b1288d2b2e357d80ef8e01b1880d01f601e0917,440
0x2c6b669879a420322b2936970bc9ab54b01639c2,440
0x5bcd18db0b04ef0001b21f6a582645cdc1aa0cf0,440
0x95fbbf7f170adc6461fa0939c316f8bb9edb4a23,440
0x133268c2cfcf556ef9785acf3503d5648deade3b,440
0xef7c03e246520ab4114eecd8da296aae7df3d061,440
0xac816356ae892d0a8ef11ec4503f0e9d7f476372,440
0xd026b2109c2341e2d3445e0a6d6b41a022f318f3,440
0x99e763ee6f480c9876714e2eb3aa8d29e860fd2f,440
0xfb9bf76ee4e1520d8cdcdf42a432ace14abc7c49,440
0xfdb2ad2245c3632f75ce95f2d545e6a5b286bb49,440
0x88d14eb9de4d6d2c6985cc72a202235f534f7415,440
0x7e21c9cafbba619b2ad190f644f59797adaeed76,440
0x093efdb8bff0a91a12009302bffa8ee66c30e430,440
0x14bcf240924f9d99af6d8fe397f71ea36fd90625,440
0x3ef6fde1b3a62617c34d1643bf5e36fa493004b9,440
0x8a5ee8277a6ab6e94f5fc7b5556d7a4ad524649b,440
0xb6ee138c1193b0e488d66218e70c1a07a2b59dbf,440
0x2dc5b4261159fffaa56c4e197605d05a72a7b368,440
0xd8613bb4ce27a0e64f8d59286d00e8af40729ff4,440
0x45abff59e0bb48d9920c5974cf4ad2271b7508c5,440
0xc62d565b23503d043434ad6bb5b886b30c954c51,440
0xfd493856d99f86b936564504213c0768675f2f69,440
0x054788198c8d8da0356e495a3d81ebce451caf56,440
0x5cc623cc720982d485d38834e7059188ea26c019,440
0xc84839229a27b288c94323141a69ea5b5560de7c,440
0xe541c0c2804109866ba41ce50f728f58d65256a4,440
0x0f017a0df487405c83477fe3a5c1eed091b6c9df,440
0x8767c8b66c2438e4aeb6736524d7840af0c35723,440
0xda2415150c5fb1c2373f3cd2ad8f6dbe18f56b64,440
0x04b8b5af39f4187142f75e920a11883848002975,440
0xaef3f241a7bde1ccb516af87b40269c495e440a7,440
0xeb57c87d97cfd69b069d6e11c0595132b1283b50,440
0x0b73c39e3c7421135edb1d5025a8caab83a918d4,440
0x937e1b1c107c503e04096d6e2a4344121ca53b21,440
0xd0d4343c51ea4544391736dbcbacc6eb3be00d4a,440
0x5d864b0c42531fb2d0fd4a855a410bd0063f4576,440
0x28d865c9b8387f997ebba042780754257b8b2132,440
0xb5fcc1c11653566b83fd2ee849a3337592d28f76,440
0x7d8fe54d41257e783caf6de2880817aa4b991786,440
0x6127a966b6e157e433b82433aeb7f195f221edd0,440
0x4702f25d0870fb2b3efd50742d93243f57b7262b,440
0x5377f4c635c3fcb216ae2a5af31888d774fc3f5f,440
0xb88a53d98f40144bbeff6b7c77955c1ab86722d6,440
0x86143c875bcae83a5e4ee14ab93a9ec634c17b96,440
0x9e4bea6c9e578befded45dcfdcb3cf543b075e81,440
0x12d0ced4220f5acd0b0749bda0747a2051fbb280,440
0x09736214d4a6637ecd099d253d9c2145c3ec244f,440
0x5a3987a667326cbed1a3a327229d44288a3a77b6,440
0x37d000df7de09b3ea85c03029db68d1b50ff2847,440
0x9eaeea08a7218299e16b17794fe6e09627e0b5e9,440
0x2fa08fcc7e6faf795417c3a73189939c7a818817,440
0x59add79df8a0451b92aa8f2c05e1e9fba88252dd,440
0xa7817f4c59b07e08c77b2474b8f14a657bc73d4e,440
0x0075bb0364a26c33d79b3dcc4ac6d9e30143fc5b,440
0x4745ac82ddb35a8c599a03a9a788ed6289bfff66,440
0xa444c434a24468b19035f92b771cd0f18b750def,440
0xe4ce700d2a32d635ba490384fa788554f8acd81f,440
0xf14040cf3f0c7358103915e403951cb448422baf,440
0x369b0762079ea3270d3b3b94eaf4e2e16dabce90,440
0x18420375bfe559a1d4494f796d6d1bdbbf7070dc,440
0xf27df79ba2194ac6f540704f305c574801c55864,440
0x40faebbca9316f50168e260a316373a86be8505f,440
0x1d878f6fd609907e022c49bc31c2bf5e145446ed,440
0x21d90e6f18f3848d9e45f34bdb4dfdde3fa09d1a,440
0x9f61b30f5607f71ad9e5288c8d9b648da9076eb4,440
0xfc7f4cc5b4de14991866ac6fd174fded01098ee4,440
0x62a5c221bc7db2db6a73e43ed22ea097d478e6c9,440
0x65d6bebf0089b57cdbcd9efc48af65fed0ad95f9,440
0xb9c0e4232317834511be59964e5259d3d4ba8926,440
0x67928372e025316f5b21f8fea5029027eb7d7415,440
0x34046d43d8384ef4d4fbcbd75794104350e8011b,440
0xe004c51d4adfc65f8ea99f93b40309dd189f5631,440
0x5943664330a9f4c1f25944fe102a2f2e45cfaeba,440
0xde1fd9de5b6b9735a14c6f1ed05664cd0855590d,440
0x37e8aaf0211502d3ffe8d63eb47597d7936a728e,440
0x1ceaba80d974bea97ecd6a534f2ff0f250d18e1f,440
0x69dd0af6171a93445b4781cb5ade2c7f03210ed1,440
0xfc7275b4361fdd8820cff1cdfa3362bb869ada20,440
0x0ebbfc8d21809fda013520670b51ba7dfd440fb7,440
0x98eb6a1138acb221a9f341168984fb1ce18c5874,440
