address,allocation
0x25f4f1361b3a60ddaa0cc525917a7a23665e7b65,3611.755088
0x07d54f345bd7496f4fa488b066bdc835e696e7c9,3.963576
0x850b87d03a705cfcbd46b1be9a540ac4f553a032,0.859100
0xcd92b68b5513936870b12a9ad3f6b15254c2d6d5,3.774834
0xc159d3d4220cd69e2510def5be299338ea9e82a6,17.976022
0x62dde6fd2808c383b5e387bc3deb5d43cf8899c6,8.252569
0x8d02a0d569c4854da39e9b507bfa16ef14eec8ba,158.341288
0x3879bc7564e762c730111a41180b4273f3473ab7,64.087577
0xb277e08e37306a613ac5341d59047caf8aab8984,5.206668
0xa400578a66fdf4049fd007e1cc56f0b860c59772,0.676867
0xb6656062101ebabdecc76d742fcdc7ff8629de71,71.559146
0xb689e314448724548af8b4b8a03f93ea2b9597f8,0.208267
0x4da3bb576c3029c2148f786e1c0a6c10a746e0b1,663.733045
0x2fc80e3c5173671dd97a0da17217d5c65a77891c,8.207011
0x89a0c668c33be2a6a1089a0af2eea0ddc30c4796,59.303951
0x84d7de16189dab5abc7ddd5aa293445d3f8cd25d,318.973511
0xe0fe641a4b7554944409367369a8708e4fc8c083,109.893241
0x9fbd231045675ee720b213643c3fc5d52d257281,60.690226
0xf448f229de049b979094ce99147ef89049382c08,64.894611
0xb50f05767ce20bd186ec49c646619bb642b656b4,42.824846
0x1f0a1ca8847865c049a56db974b5a61c176654c4,45.786138
0x8d722e43dbc796a45e73d9c072f6ced67874922c,83.977050
0xc3b5533cfed62c10e8fc04aecbd4bd09312841d0,1958.039168
0x90e5cc4b52d7cc851412fbf8c2509a2c6e3ceee8,46.085522
0x31e18e5bf8c3979fb5ef6e425931e05b779ff5ef,0.702900
0x0c26276011275e0d4712723bfdbc737ec54c3bc7,84.120233
0x422a3445eb174ae119212a7337a6137900c312bd,18.346997
0xf57875c9ba562a59cc0a0891bc19ba0fccd24580,0.546700
0x755b35bd48bd9f339defe13a42f653b4077e456c,279.103449
0x7ba274e2371a48dee2a57c27c788384b279eae7b,65.968486
0x17632f6cab83fa798ecbc885026f8ca209c483ba,243.066797
0x78e98027d667aa538a0738bfdbafa9acbdc4927d,179.428294
0xe308dae81527362c39398a535a2ae5df1d98884b,143.333067
0x413afd270b7b5e5fbf6e07b841c9fc1c33c1330b,40.455812
0xdd1ab312078e41e3b2171c1618029985ea19e44a,36.576844
0xb1d6684abc1383cb6eff2d656c7e965e0e9ec3d5,1356.278491
0x0619ea70068a1686f54aca2f5903d6e24afdc1f8,594.269583
0x8f623d6be8d0230983a12a1a9615f76172cd5293,7.523636
0x950c1f99431ae23ab81989a3af873cef35739532,4007.806813
0xf41b6f863c00a4b48d76d74f1ae322a54e0d9e80,124.745262
0x90a443ad72d91a042cec1e1404cfa396f90171ad,68.773579
0x06cc8197a05cc6dcc13db25b2a7c26fcc41b8513,0.494633
0x98fbd43b022aa22526d26def6f2b2b18d1686f10,0.598767
0xbaf0cdcc24fe20824f6aa0c8575dcaaf4d47d869,15.320621
0xae8ce93be9e740132895794ea6741b61bd596e52,0.559717
0xc27b2850725c4df379bba8e0d2498c40c37c12e1,11.623887
0x1f9fd33a1304a90073d46635c29b6801e8cd5a03,7.888102
0x033ba0f5ac89da505f3d18e995ba0dd74c368345,23.078557
0xf01795951e42c02a7b3b2c7845fe3246c2506cbe,3.748801
0xc0c6af7d2ddf18c047d3723b85ebfe0316fac8e2,6.521352
0x44e9d011df8741be2493e99297e9ad67bb1aa85b,16.082096
0xa11defd6b32a413288a9191f745949540c40055e,6.618977
0xb9e927758a0dfda592acfc0245929f1ea5d13ff3,1051.968260
0xcc5684c3dc8381b73dc2fe655a07df6bbfdf6ac9,94.553095
0x826b3944c39f6acde1743fd5ad65ab21b09c5c76,602.951703
0x37e8aaf0211502d3ffe8d63eb47597d7936a728e,3.937543
0xa586a06248244f0bd50376d2d30976d37dde981f,89.828043
0x182d9db13e29938c7fe6863b2b7a579a0c7e3511,17.051838
0x0a27bd47e6f40034a9aea7ced7b0749d39a5d3cb,2.772551
0x6bd532cd3a723e8ce649aef26c07ccab56cb2f6f,4.510276
0xa397bb304689bbe8ab9cd83a934bd962b532a259,865.888447
0x115eaecd709eee946e9cce6932547dde47726646,6.326102
0x228789d2bfcf5ed41ebd8d3c98d96e860a3dc9fe,355.960380
0x4e29fa5ee5857122b19ce95608f68ad953ee3a89,348.130852
0xc65522542dd6b9be9b59a7fad9fb5b45ee7657ef,473.338206
0xb2942edbf04a164a308367123d9d362358043dd3,14.682804
0xa55812a80aea477f8a8820435af0685da8c0c65d,17.305663
0x5665ee3a3151a8c01f4a023508eda9f4166c244b,8.486869
0x4e3f00487f61421af7e430d421ffdf119777bef5,69.404887
0xa1411edd2ad6ef3d38645a55fda3654d6ee62d40,0.390500
0xd756b75624df5b854d5ebba181af8845db5360bd,9.879653
0x08cb75486de7190b85334c2a4cd52d2981bb9deb,1.158484
0x30714d0a81f3e710aec890ef5f4781e7ca0d338c,1.015300
0x520f3afd4d156e71fc26f330aca6f89e083ff524,8.233044
0xafd98e36fcc17c0102e33233180e2d1e032bc1f3,6.807719
0x8a3c0e8c9f7bfe8fe71bb963b1bb499445c62e49,0.468600
0xe583abca6c3cabe978f60dcfb04eec1f1c4be209,104.439256
0x7336cca73cc435bad0a444adf9f327dbc7b97e7c,4.126285
0xd435ac16828eb479134a82f30d7473259924843a,651.568967
0xae5a29b88bab8262ec061171b4be9ebada14ac74,45.883764
0x9684058dbd7dbd3f4a924a5aff330348f4087d48,7.068052
0x9568cb6041377562397c44a25292567790b013cf,25.792533
0xf8baf2541defab76f2c344ff10cd6d4ef74d3432,102.395638
0xd6086983a55c4a7bb178313fe0c7610d2bd4aa3b,34.305435
0x665b8ab1526ff81fa5a900779c101601666f0a7b,100.931263
0x70c251f6a34f721b3733816e5a4134c9c9000d0d,333.539165
0xfaeec1c1f3dcee110c189a80cf0cbdef0d6ecdee,307.714091
0x190ad96c20f62ad3d1462d127c931fada528ea83,0.546700
0x3cb3d4b78e215ed9e3184f66e739681ac696029d,196.408541
0x9b4942cf3ebf97e8e5777f6e25e7d1005a165158,1418.088151
0xc82922e0d871c7730f57dfb9942b5b56903760a6,1258.503770
0x5b8ed598503bb14f54093600681d7fae5373a204,2.486184
0xb57c511e8851a9fc4e1c776f8980b8d2a97ae3a2,175.920302
0xfb0d2f95038f6b768566ec0926172b44407eeeeb,170.752684
0x7b0215e067ea62e7d25b69593f5bde6068c240c0,23.690340
0xb68606199ea1b9fda18d0784c69220f637065421,13.621946
0xd040baeb020692d62a0ec7811fb6be9b96f9844e,11.038137
0x0457b4770be362c6009a9eb4ba9da5b913a6fe27,3.299726
0xf46f179ad48e5f2a69f35f95040d9ab3a224a321,222.396324
0xc0f2951ef2d750ae78c269986a75b70637ab5511,24.380224
0xc3fba3fe6bdf1c2cf72a34c7f21ebcd67561b79b,8.031286
0x6e292e8ef9b8df5b40197e50275cb18c5042c24f,3.234643
0x407afe1e87bf741293d47e562b107a633e678562,540.914251
0x64480f8ec096477ef7d079b2061f6cf5e0406884,0.494633
0x714b3cebcc5d5aebcc4ea193f1f2ef6cb1fa4e21,0.891642
0xeae800c6c589881f774f8add539fd718f3e28743,161.673556
0x55ff029081be56bb68629ec8a83bef225f3ab4b5,96.401462
0x9e97bef0a1b29ae991846c3de9a1ad5b1a5d7c0d,1.321192
0xe7c3bf0ff7939ca4b723d6297f5dc06051f4ec2c,4.061201
0x62a5c221bc7db2db6a73e43ed22ea097d478e6c9,22.746632
0x5912cadf8fa0f643a048d1763d4659f3f14c5842,2.356017
0x04a7d374ab8c637d71c2611ad7f1573bad7cace8,0.859100
0x0c2c40f59d416d17879508fb977aabf05c7a51f6,1801.175272
0xa092538df8da26581109eda587ea129586d9d796,0.976250
0x5bb1f71095f8a5e6fd09bd34bf1e3f721891cb73,85.760334
0xe51eaf4bf89e9c60045fe3b971a13ad9ec48eb5f,10.973053
0x67928372e025316f5b21f8fea5029027eb7d7415,124.894953
0x4be33b367cd205aeff78c2394b5b09d5405d2082,2.473167
0xa5f8043c3af5398128aa95fe5e9aa359e1b6fcce,68.077187
0x1bb974c8e27c612c63ae20df8107c34d7a4d17c8,392.185774
0xe9c7039004017e187cf1e52a42cf48a1835cbd16,153.251770
0x8180809b8d59fea7062fbb8316a6df17ffcae9cc,307.863782
0x24e61a7781863d1cb6caa6265401e39a850b4552,1.945992
0xd30e32250e6b509c8ca5a5a72dbfbc5860718329,73.947705
0x794d1b195d55457c3aad0248248a3cf8a1d08c84,185.116579
0x1804a857dc6ea1a67704f885dceb76a02f6de688,185.559146
0x373ef2a3795e111004919d6d95e9787b1acb35b3,5.096027
0xbad29a92ca1bedcd6c17b3917bcd38d71fd25370,14.409454
0x32cb32c66ed6ac092d12632a5bc6a78e8efde8e0,273.005139
0xf6ec90961cb684a5e99e79ab36f80d672f284b8a,0.455583
0x0c9f2b49481a478684b2e9f0f158b750dbd4183f,137.345399
0xad1dc2bed093dfbb8e9fc4a1d1ff7d7d19797112,124.693195
0x8cbc8b3070d1bd53499b81562fbbcc0bb08bd83f,77.026148
0xfcbd83a733d381776b76e1b9c8895d41016c2513,70.478762
0x78e71715fdb1511d8c0e101e28d5e2ecee18f6c2,249.295273
0x6b46d77ce1e85aed2c50bf91aac72c7c3356f786,3.859443
0x6dabdffe3b2cfdcf4f2a90d0ee5a2de476f61fc1,2132.729395
0x62a8fa898f6f58a0c59f67b0c2684849de68bf12,0.833067
0x78b05688beb478a03160cd757806d0893407bdc1,1.614067
0x37483a852a0b8c2cd840b946fbf4fc8e3d6d6fb3,0.468600
0x5dddfaf5ad9a84068dbaf804eb44985cbc2deead,20.416648
0xa14eb9db77a9261582d2ee1bc2679b4497e4390e,0.559717
0x153e3ebdc4440c51c431bd8ebc681f064cab1db6,40.091345
0x9a8a74f0b1dd90960ed9c22c9050bbe2d705e12a,2.349509
0xd815b81d46eb128dd5e538bd23ef838869cddc57,18.054122
0x6e1eff1a24d9486359120cca4fb719d12ace1959,155.861613
0x407320b17ed489770a87f7631759b3b461bb1816,24.712149
0x97d84361104152305ca89bd94bcb5a489aa23b87,0.247317
0xe290f548e601406ec679f406766cb603605d9b90,1.444850
0x3d0de3a76cd9f856664dc5a3adfd4056e45da9ed,7.985727
0xcdd1472ebe2e8d4a0a2982b208f71524385098f5,3.735784
0x2aeb8bcea852ff5fcbfae26e42f732485e8ec2d7,6.586435
0x8b223a13b001687512f8646dc5206ec1d7b7463f,30.738867
0xe0a9ab8dfe08bbb2e12ebbbc249673cd530630b4,6.814227
0xb901f551e33da7ff3f3a889c11796426ab44dd2a,8.506394
0xa6bdb7468f369f07048fc706259f8dc09d40816b,10.133478
0xeeca2eee9d6c895267dec9fc1c8e1e62c99e79b6,3.787851
0xb7663db38058a752b45010aa2d1e86684bb691be,72.893355
0x80ab460ea904b677589bd858ee01143237c4abba,1560.444968
0x04749499d2ce73f8b167cabcf1df7762e32ccfec,1.132450
0xbe3c55fcc7e47bf443c78c28262ee1a149b66dc4,13.387646
0x443d3f065eb7ba60e24bde92bba408391a1a6175,3.722768
0x8a5ee8277a6ab6e94f5fc7b5556d7a4ad524649b,0.442567
0xc5028790d73646a63f044debdac696c027d83b2d,435.082211
0x7d8fe54d41257e783caf6de2880817aa4b991786,98.900662
0x420944b441715e34dd672ae0eb4526a7ad7d1eef,24.139415
0x0fb56426708cc97ce2993f2d731c449733812a22,39.824503
0xd0b2a3752e17191d41b8fa33f11314cfc2035fdd,163.671615
0xefdfee4e9b7fc64481898244df6a803b889ec873,86.020667
0x5943664330a9f4c1f25944fe102a2f2e45cfaeba,9.508678
0x2e10f351688e9651b180273e93b39bbd227230e0,130.622288
0x66890fe78c86644d89986fc1b14c5f3a56029ffd,1434.118181
0xf33888447d0c9b505615a76524fba9490ea4fbbe,898.989840
0x1cc78988ca62fd0431f86a80b38fc4db865f0897,1.308175
0x6539148f875e450c2ddfeb82c3c9458e77904721,1302.753942
0x0dfad89ab6bb91897f26b4353c2d051b457b18e2,296.728021
0x8e0181195453bfe30afb3fda513a198cbab663c4,6.143868
0x57b6771cdd64e00584e476b99821d8613fc43030,612.382280
0x53c2587a7001d42d1d6cbc0d21e256e2bc27f66f,33.400776
0xba97dcb8ca66c08b12f341a572dd0eda40ad73ff,9.547728
0x814990b8b39e137e467d302d8798765bcbc16739,21.575131
0xb2af994ddc2111990dadd2a89ab21e5ae1d3b20e,110.993149
0xaa317ea02fa738ab85523888e791277b68a7c434,2.831126
0x65d6bebf0089b57cdbcd9efc48af65fed0ad95f9,143.261476
0x5fc873faa3003b316715ac1501572718c1e85e3f,22.102307
0x274dd17ce89a92ba6dcbad0b0f4426807f284ec2,0.976250
0x86f21bfcf07e6b82af6a01527091e54e373648aa,100.020096
0x634804f9808e9cf347e3f52c528b430df005ec32,0.859100
0xcc551ecd4b0fba16aae88e094817a5abc22e6e79,233.870519
0x8744e7f0fab5b06436307f258497777c41f75f06,20.364581
0x71ca66e64d1a7564e13519e5577bccaf4fa2ad2b,221.289907
0x9b3062e8910bc148264a3c761363d5fb2c7e9a06,54.442224
0x21021a33af8872c357433e3799b8b036eecc2549,2.017584
0xca6776cd74d209c6090aa10db51d8ec4b2bb04eb,1980.974542
0xbaec1570630c499c2bc44810ac466f89d7d0b081,104.107331
0x015e265c80c26d65d65b245b350cbd881daf61d2,16.218771
0x7a3623f6752c25aaf01934d0f35eba187026bf42,12.509020
0x5dc0145cf938703a58ac3ced9ff5977384981099,3.351793
0xe749e93e86862caed188a967896dbfe5cab396d0,11.018612
0xa9afdf445cf90e364bc4c2f21d1ee84e72cce7bd,510.253484
0xb0ef1f2753ec6e860ea49f61c7dac2462c16f03e,1.705184
0x0183f0ac28e287cbbba6ef10dc01dc4c9a62e524,1.366750
0xc806173f17d03fa5175c948a3cd65e3cc2a5e428,141.881708
0xdb632e7b52311a99d1bb438f1edcbf168b5693b0,321.134278
0xd869549882d885f94e18b8fa0c9ebbae76f4de09,1.978534
0x063ebeff8fed3b09af055fce29433be05dceaeaa,21.282256
0x95704a8eaa68fef7c775f25b7f6d43884810124d,0.455583
0x11212242ba29e3544b7fe2bd18ae328914b0ec5e,68.389587
0xdadd0897d8e399fb4b9221994a7a4bfe638105e6,1271.650608
0x3791d4491be85270f5235714365af2ca9072fa61,12.456954
0x72f259cf9c1c37caf7d2bde05b2e0b5c1f749801,6.065768
0x24c4547305fd47286d843656d8468dc9d941e685,2.447134
0xd3ff12b700ac4513576216cce88f99578bb17737,27.211350
0x6cb4119a22f9a86a2d8af0393dedb84de92888d2,2.284426
0x7f0834d214cf3e1ce18dac5b429e38becf2291b3,13.517812
0x65c93103eb55971fb5262a649eb942c16f5545d9,7.770952
0xf290f1582bed3a25e40c8cc3a58c54c3ad3027da,678.500458
0x02af4051ec4dab406804a586430084efd673cf11,34.019068
0xa03616a969119be6d0b79d5f22caa2b3a7c972f3,0.846084
0xd9ea40b7b49fa005e5bf243528772d2ca32c24f8,0.676867
0x3f3ae20f3db871343f91b1da85b8f1da9db732d7,3.839918
0xd67b9c201d9b9003e8d703e280eadc6dc496f72d,19.336264
0xb9ec4e1886adeefa95cb4d13873dc420dfe6b583,12207.593311
0x35f72cfac6c76d40b47ad674d6c448cb539f6ec6,244.466089
0x5e38573a59c8254fc41197917790620ec23f7b34,452.999658
0xf9e9d488adc848fefc5eff30d450fb60922c9e28,11.298470
0x99e763ee6f480c9876714e2eb3aa8d29e860fd2f,6098.010745
0xe65bfb0cade026e2046005fa8bba116236128cda,334.847340
0x942540ca73cd9b8f116ad7f84880089baec3f83b,57.214775
0x1a6f342e7a0cd2a0ffbf044d7bcfbd8e0306b8b8,26.488924
0x3a321db3ebffd3dcd6c565302bb934174e2d1eab,6.885819
0xddccba10c53f50c5e653f9d287859a080c3e3b21,148.155744
0x0450d0e88967a3a224d912666283dfa17f9f2590,191.904773
0x0b3ac4a8672276163182078339053921a5c6a6d0,0.416533
0xf4d876423c050273386a8a9e233ff570155c5821,1.054350
0x9f11fb0d3d4386156256401209a73f735468e4e9,1432.393472
0x8acc68a87538e30e3bc43ecae5b36321abd9840e,47.165906
0xf2f9122a1b3aaeaaa486fff249a97a262d534e24,4.764101
0xfb961089dad18257d397a23b4d2b00111174a2bc,1.757251
0x7b5d76b901e77a3c59633c2de3c0fc47a767c394,7.849052
0x6e4eb24194c6f2487bce229416d9928062398c4e,82.577758
0xe62f3d6b12a6ab80479bc836c9882828dd53d5b9,121.139644
0xb9d361a4497ba209e53041e551cddf60338516d4,27.426125
0xa12d69011892365f46f3c14133d1886addaf252f,40.651062
0xd7731bfff6860450f6a63348a1d6234081f05450,94.318794
0xc82bd088cc48d0dbe59c393bf6c62e4382efa574,13360.362667
0x71de3aa29c5b12914d3c7fd783462648c705e0d6,522.241837
0xa1491a497e995b3dce34006e7ddce4af286a1f94,1.483900
0x6c1c16dea62ed16ce8c60c804adff306222f9a89,74.819822
0xa58740b0bd208efad0a4f74b7be46bd933922c4c,696.938572
0x68c614f225b932c0414ab20b73ff66fee8bd1659,0.924184
0xe316b17079457774fa3250ca32d915880b664de8,36.231902
0xa706f6e6967cd25ed79e596a8debe49e31fa8aee,46.456497
0x5af5165b85b9885969eede525963cf726b83b540,1734.445311
0x9e685db524cc431a30958c02e4b5dd57a125b755,54.722083
0xba29222975cd522750adccb63e99f1a57da29827,14.812971
0xae6f098921567c17d484f5e5fe7bd989debdeec0,1.334209
0x07776e786b274f8392abf2bb4d038a4f73fb34cb,8.018269
0x6ffaa8b83e384f103810f308bd409db902d30052,123.755995
0xbeb4d8d30bb99cfbd14c315812c3b05f0bdf31c0,742.008793
0xe39306340a2bb39854420410835d85a7054905ef,20.794131
0xd607e7e4e5b42d008b9e1417d19fbc5a49d0ddd1,234.664536
0xff3fc4f586316a7a6fc9d05977cc05d570e1935b,66.703928
0xe7dc100100f80e7304c683c836a533a5b895303f,792.949533
0x5fccb8558b43082c2665e57bb44742c68b8031a0,356.038480
0xcd076ab2eb4dab81a1cf2b4d68887edf5525f570,124.471912
0x3a006d8db1e6055e98becb749728fdc79b14babd,5.043960
0x1473dab7d910e252db5a95aef043c7bb229275b0,9.105161
0x94ce8872909f75ebc5ae1922f442704902142730,5.135077
0xddca57140b9dec51ba8b96326f2abd0d4bc31623,407.721170
0x536a72ab6af37268b26ecf6c6f3b08d88ef0babb,16.752455
0x35cf2a27ea38391823ce144e89d553176e67b702,218.491323
0x8829322f298e5ea39bbeb37b6f0a8461ffef6622,188.819822
0xc0155ff4bde43b8a8ee2b37eb51acf85fc10a308,589.648665
0xe1542cbdbda520ea5b78eabec4fe9c07fb1d19ba,9.586778
0x3f035f5e49875e3bcb5aaf675b3a1ac2a32b4225,62.004910
0xed483217a8f65eb17f9aea2bc5e221df4a61dff4,1.666134
0x5a3987a667326cbed1a3a327229d44288a3a77b6,2.004567
0x467736f4a95fb86dd4c3964051b4e5799a5ff14b,3.384334
0xba55bdbf959df826da6c35487eb15fad2164662d,130.368463
0x2ad053e9e8a6d62e16a3a5fde05da239c2f057d2,67.497945
0x26049555aec8256d170af171ac6c0473ebac3051,37.273236
0x2090367a894f16be8f3b4c43fe4bbc83f8604aea,63.963919
0x0ccfa1c3441f3febdcee067bd1cbe3af7bbb614b,51.734757
0xa2764e4ed4882ee52347bec1d9564066a32cc8e3,160.026947
0xd09834c07c0d8cf1eb92b034be8993c65a110834,768.120234
0xd51717d797aa212c5e45439112d634162ff7630e,219.408998
0x381884129733af66dc9090fa9dfc22c30588ff53,70.335579
0x4c4ca18e32c3f95ee645be203ccd3df65ef4d3df,0.494633
0xa6a89eb48bc63ac54ac5b24486c1b15f8dc16ff0,2.024092
0x4eb7716654b9140435ad0206dd44baca075f2a42,21.750856
0xb3ab169905fe5ba4edd18a28c7e5f804dee918a9,1.470884
0xfdb2ad2245c3632f75ce95f2d545e6a5b286bb49,1.483900
0xa27be4084d7548d8019931877dd9bb75cc028696,142.278717
0x73c41a553351f63d3dc4897802641516a63c43a7,0.546700
0x47b9ba596a4693133892387ddeaefb4b72005fe2,258.159626
0x47c6495efb9367c6489a97cab625934bcfecf206,6.456269
0x486edc9b805876ed67d685997c89f83e1b0650aa,46.781914
0x249ce4f424861c2a7975c6591c65c35d95735d82,0.624800
0x9f61b30f5607f71ad9e5288c8d9b648da9076eb4,2714.437891
0x8ada2b69965b1f555afd4a286f6b68d6089e7ef9,3.397351
0x867534b457ae9b9718e040129946b03c1121af87,59.505709
0xf1e67f5bf7e112a05525f564e78837b0760f5f24,8.174469
0xcbb138a71db18ab8d9128576e93b07470f9c2638,12.528545
0x642f3eb9650acd5500995a6cd32cc2979e338fd4,9.345969
0x2b41adc0c46fce90e221808876580d8a0989a7b0,98.432062
0x29e323eae3a4d830ea3f01c4816ef0b18ffa49f6,1.262617
0x37d000df7de09b3ea85c03029db68d1b50ff2847,1.972026
0x569a150996338a5212bc2ddee124b7f98763c7cf,4.972368
0xc1cfd1a29dae2b6cede2b5b877657e7109507aa7,1.835351
0x8ebab0928fc4e8625fc24fd404fdaca603972e81,4.269468
0x18420375bfe559a1d4494f796d6d1bdbbf7070dc,7.985727
0x6ea7f2d6df1ac0da1b80cd32a1d209b85c86dc91,144.901576
0x3166d6428ba674e1a4687a00db46f968749f53eb,3.423384
0xa2aa1d3aee1debaba0d35a9ebcd6e90d83ea6f0a,285.429551
0xe964e7c850a7d4c491fabb00d0585f1141495e6b,4094.152897
0xb8dda31f8894b68ea5afa5d1c8b582d0d0595e3c,127.237954
0x573cd2ed0e42ab76c11f39db3c749cd9dd37745b,18.249372
0x802d5eb9932297775460ba2ba90d339938fff417,3571.566118
0x7e1a43dd8f234868baa806e44ebf1c97d46462b3,18.067139
0xf6f4d7e17ac987f91104d23f6d8b0e46239c3418,1473.773467
0x06bc05b162bc4e280f6305b5da8550b42032622f,0.455583
0xf287fbb4d1689cf001a218a262bd27ae117bb566,17.025805
0x6c77a9aefc9f962373800bde695a4494db4685ae,510.533342
0x0ebbfc8d21809fda013520670b51ba7dfd440fb7,575.434461
0xd2294061e10604dd6b22583f3cbdedbc0b4c112e,597.517243
0xcea110cf871ba2f88262aaba1026c371da930a51,1.392784
0x5376f5373d4df9bddf93ab032c7c2ba0217950bc,3.807376
0xdb5502b50b6069ffb6238889d4973098f7326201,210.512104
0x6f1cce13cf45e430db4f9bad72eff2e1ff7de349,0.833067
0x161a83f70000fa507c7ae707f6da6a444c486d60,0.976250
0xcf8788e105603140553ae10ddea10699a4e55222,0.520667
0x500ec7bc6e1b22bcd0dc7a68649f2f55da794b18,765.614525
0x1e4998ce4eb1f536afb682913bd699d4d2617048,0.859100
0xd82ef39a6aebb4d3b0294ffd4daee9b89c28c655,1180.885364
0xdf8a648e598017b3f43112b07ca9a07b044fbae0,0.481617
0xb90c0e83f27d34fd838682da1fe7ea0c00bfa251,11.910254
0x9a4a5f7d6bd9cb65631629ab90b829a4ec9777a1,1805.002173
0xbff42700f41ff0386da73e137d7c5a0103460f74,234.228477
0xb88a53d98f40144bbeff6b7c77955c1ab86722d6,974.200162
0x8e0490dd2115a8527e1d4a1d977245fd56009114,3.722768
0x6147aea777f72e5343ea1be54c3e8f5be193db6c,4.354076
0xdca8975825ae1489fd2654fb67c51be6fd68794a,50.302923
0x0e2966b2dec7a0f72f4502cd40e09ec6c27b1645,7.087577
0xc46c3e9722628f28dacbd4036b4b9137edb7fc31,0.390500
0x61d5b88551f12521aaa72b4e300f3534b1de9f34,55.795958
0xbf81fb11a7b0d3333a05e767a022669fac656c17,149.867436
0x04ac263a4b7e1a77f03deddb92bc6e3a87559f11,17.500913
0x608407ff289fe2361cb1a79257bb3027d6b61c61,2.050126
0x6e5250bec816672b82a1f5985992255faa3a12f6,422.358416
0x2aba4f5180f49f66cdeec5a3e6563bf916aba3ae,121.367436
0x9de86893337fb6750f847bb36cb7f095ade76dab,1.757251
0x282ecf0ed27e19fefcf0744e526d099e29d3d3d9,222.012332
0xfc48031548dfacf689e56f9f70ed8a07baf706aa,0.468600
0x9bce748115a453e19904e422ff178f21aa5dd8ab,39.277803
0x7954c617287a2089eddd9ababdf6aea8c5a7bf96,83.202558
0xdeaa95321f02134dad34c3007568c3799505c57d,12.294245
0x4bebbc16403627fd16facd2d9be0ba21afad7fd8,578.460837
0xe0442122154d08615dc651d27e2ac121452fcd3c,21.841973
0x221a53073c26219db5159d12c2ded044c4843954,13.934346
0x76283a598518e423be00c9d7b27e564c1691feae,24.803266
0x09e3fc7aa6eb4b810a83948ef4f93564a9ce4ff0,77.000114
0x798ff1e6d7afd28c333ee6ebe03125d30ec6ef10,2.902718
0x7e8e89b11a2f4bc51b10f982bc2e83a340a6c6b7,18.587805
0x06c8fc0de615b68a2232a4d94f41ee74ec0a310d,20.663964
0x607ef921e174f209fec3adb8ad956b0e6ecadf3d,22.121832
0xfdbeeef9d4275c49542bc0378e6a2652c7934861,12.020895
0x05ebeb933bac6d1109fcd54bb58eda6f5139faff,7278.225751
0x32cf8e7884b904e93961e046564bfd90dd7bc7e8,104.823248
0xcec69b83e2ff2d4ae957f8ffc11b3c6af8d12ada,0.956725
0xd161b7f9dc7b73144b8ba3ba43ae803af71163a0,125.825645
0x00d0b178ee1dc3ada6ea4cc448fc5a4f44709b0e,2.290934
0x3e2f18e12fa3de657ce80e603ebd120443d77523,13.563371
0x9f10f0fc3ce545ace374718f985b48ebda4ac2c5,1.210550
0x5d80e20bec64075164e371c2538cb72cb00dcdbf,2.564284
0x089ffaece4c67d00366691b3cfeba7adba60a09d,136.668532
0x2217ac877d9c57dd1202047eb3f5a9baf87b87a3,2.577301
0x98172c93540013c3c97c5e6cbc8001ab61eb9959,7.159169
0x836677dec1e3359f28ad829adede8900544591e1,110.810916
0x988abed07467f932bee7e64273d6a16bb611b4da,22.649007
0x6662304e3198c8d54530fbdf02a869fa84537639,29985.098027
0xa9bb098c16ece41c804ad8f5e1629d8cc9fad908,2279.713638
0x123f1c8d9f49bba27083e3b1510bdb0a2cad4919,454.262275
0xb6ee138c1193b0e488d66218e70c1a07a2b59dbf,441.128455
0x500b53b370c55bf8eac9ff5be73ae68a69378fbc,5.440968
0x6f195a29d708cd13c9b6f43b48bd6e4d74ff0598,14.071021
0xbb7643e6680d8880ebbbd76ef6bf126a8ef09e02,183.964604
0x98a5ef097ebdb39aca3ab4a8bdf5ee7afb9580f6,2.323476
0xbae2133b5fe05f7eac2b677b7adf769f06c59a91,1.692167
0xb0720ffb76edad4728fc7ee26e5e1065cd28a0a6,18.353505
0x340dc5cff35da03dfe3c1952eea7cfdc1939821c,8.083352
0x7e8935b7d1a4377b260ec162dc01305aecd5ef0a,1696.365041
0x16fcd6c04351881b9dc526bbf09be442e1c19e6c,0.468600
0x3c420c38b79dc17ede4aba4efcbb5ef9b3a8d997,14.656771
0x09fadbd76622b9e674166f06fad15e63b5aa76ef,13.745604
0x3fe37c267cb5725a84708edf14eccde5e0e76cbf,0.416533
0x27816bee0b395f37f8f597db63d6f34cc776227a,4.113268
0xdffcea2794188bc73ca0cfa851d7de506cce2682,3.449418
0x20acc22e63883e4628d61605f9f550506e115992,8.193994
0x28a5f5e89f23987e7696599d8d0967d4fec01e07,41.334437
0x54c2a45d4a21355f0c34847ac38ea36a11fa31ea,1573.819597
0x5afdd71ec312eda36663f72032f269bd9c950cb4,533.540307
0xe407caae175cc87a28ef7cacc0fff3cbbfe82c4b,3.410368
0x3f1f15eacc027115b78bc4a3e85e44f6022e3789,0.364467
0x480b1ab82651fa3b1cee01518afe833e96c90886,2.206326
0xc6a707017b8e7a252b2eae13d8018840413f254c,0.416533
0x0a8184214747cb1afe02c365a09e8127ec73afce,156.597054
0xac5b2d7ca08b3cf38ce29b5e0221f055d57bc99b,1.405800
0x448a7a37b81223a119af8f59698068217cd5d904,221.062115
0xdc7eae9d12cba2d324f5ed805c8319dcc78ffd63,38.867778
0x32caf5aa765079480910b96ba169a779894cd051,16.778488
0xddba302bf70e78f9b81db6c89821cdb413cc921d,521.480362
0x004846e5366ff2aa8b15a770a1634cbd9b392475,190.127998
0x072161e78201435f4443d58bdf7e72801399b838,3.644668
0x006af895045a695060eb5d7da1a128babbbcb0ef,1.158484
0x56b9764e6226c8fdb8148692c181d6c85fc77806,2908.204048
0xe44d943a6c72555a33ca13e167676402bc8d4c89,9.378511
0x097c2ab19fa36aa4b0cbc2b1e0994cf9e1014430,7.653802
0x3181d3b30aa1b08a762b3d528a1f923c99aff46f,801.709753
0x9ae452e5bd703f0fe1afc79776137b38024d4f2e,1333.954901
0x12b56c089caf0fe4a8aad507c1a508e289cf09e4,39.251770
0xed42428d3d306417ed3f97f56a60a3a3548c128c,1.028317
0x70f28ab07afeb26e10ee76ab3a07c64bf089bf1b,336.357274
0x6d0428d4b10e54c1540cd72654aeb35e1315a535,73.928180
0x5e12d0efd222efd5df144a89d888ac5878621f5b,4.158826
0xa9f88070f29cc7029cc6e681e80bc930285a9d0e,1416.903634
0xfdfc50e371ecfeb94d5eccf618357f4c447a99f0,313.161567
0x28d865c9b8387f997ebba042780754257b8b2132,211.117379
0x4985c073c2c30e2c50a06bc840e01b0ff97fee7e,435.641928
0x7c32057de2290406a09e7886ef64b460eb6cedee,29.105275
0x372456e0360606dadb6c40f61f122bbc300abccc,14.350879
0xba9262161c7837a52b126b6ffade1f1635dd9c31,2.050126
0x9621222a5144ed3ee6bd4f406579efc4f1fc336e,0.859100
0xf0bd803f95f8c6395e11610d59ae28e6fd2153d9,1314.273695
0xe7344cbbf8f7dd489592b4a14268b0d48ecff01b,10.153003
0x317342f0a337c62afa6ffbc78292bafc9661f2e8,175.699018
0xec613ab9a2df9ca12ae0d690e95efcb075505ff9,3.071934
0xf0ad7e5e49e66b9e4e9ba598525a0d6e0c8ec059,15.867321
0x8b2afd25473d1fe5740397aa74ba8893fa380490,53.947591
0x22337e434445c6c7716aad41998ffd8c5c08d0d2,134.924298
0xf04cda432371a6f5c88ac4d0604a0a3442917802,35.971569
0x3fcb63253dd0d3577a499c9228d0f4237a4fcc5f,121.927153
0x10783fc60fcf8329f3720a46dc3f2fca299d2e3d,298.524321
0x1a4008b85cf24b618fc9bb5278b5e23a3eda8c0c,3548.878061
0x0877b0984594afe7a63ae2f4a7126d65d87af6fd,0.715917
0x1f5989c252e1e6224314fbf2b2a242e4b3be04a1,15.353163
0xb7c6d47dfdebcc5f6b5fef43f493b4b557c4440f,1337.970544
0x455d52e9a9720d9ef3ac06dadec82d88de7dc0ae,197.046358
0xc0067a1b9654574a65e84163f4e9f5de1e687977,52.014615
0x861641d9b67046c7d6e25f5cf378077896553ffd,74.500914
0xfa9412aa43a38536fdb4fbf80745816ce35c25f7,3.670701
0x9a0940e37964be576559e7afcf527cfe64c473e9,13.407171
0x6983f0bccc0f5380d1fcad618992bddb7d08025d,62.187143
0xc0e1e767b1dfb0dba47982ee9ea2df328a29dcef,64.614752
0xbf77c0c43843fed914744cf9441ed9fc22057a87,106.749715
0xef1ee3deb2252df88ffbb8fd8d49001762797d90,3.501484
0x69e84ca51e860a0f330abca4869072b51bb60fe8,1724.435491
0x8b1288d2b2e357d80ef8e01b1880d01f601e0917,12.417904
0xdc197822e435596584da6ba7f6328bc62d93fb0b,1.900434
0x489a07d82458c8cfe26dd348ac83614f73deb97f,30.107559
0x2ceb7fc8aa5b41c7a6e19e4c07edba1b7046cda0,3.384334
0x028d8ac6b228938dedf17f1badfa98eb51ea93e1,4.933318
0xac36a33b59e26ee0423807570b3a95d76aa2b256,1.522950
0x77782cb99086962725c934f7a8c7818d159e4f71,2.525234
0x14e31ebe553ae5cfa81480635d75533f13eedaf1,94.670245
0x4fa7dbd1c057d6e693ffd7c3dcf23c36a9eb3ff2,194.859557
0x6d1725cf5b9b4915754cf33bd257822e5ccc9845,16.719913
0xadb5e99d4f0b5894a536af8331408b5557695297,28.727792
0xcc771952fde840e30c6802734e5ad20479c2959f,581.630396
0xa0766f4998471765ba22fad9daa0dbd073de8416,296.285454
0x824cd75db050a171bbfdb8067544bb009a866b87,737.739326
0xa4ca1a1211b5109da4c7f35d08730afab1b68007,0.872117
0xdc54edd165dcb919f5d1f5eba2e70a8899434f77,63.482302
0x7947d3a0a678f93a9ddb47a4153fcaa6c510a9f1,18.314455
0x3a039a25dcd554841d39c94817fc8e7c05e2799d,18.002055
0x9600a16cf0cc6f94b990531d32345c6576d18394,75.080155
0xccb3f25c38085570fdb90a29d8e6cab4781b7fc2,0.963234
0x2f6e0da86026cf16b33d7cb095c4ece89652731b,29.495775
0xd26f75d1b3652823c2e685312bcacbca1d504f74,10.686686
0x80a70349a3119504a89d07865879dadd1f399daf,40.631537
0x1f2230dbfdfbb0cfe5e73fd51b015283d86c628b,15.314113
0x9a844e8c2b41eae4d258d780e955810da8ccd909,1529.445767
0x17e1a98285351d294fb9085a1f1c1d631e98e2e1,167.329299
0x6d41bfc3ca0294bdd157441168c79d6ec481cd7d,1846.720602
0xf33350b3778985a606468906908eb002644c2d59,1.444850
0x2850e4322359ea498027973bfec6d8f92674583f,2.271409
0x5a15b4884fcc07dfa46c3a96a8e386bda0e94943,106.743206
0xf8a39842fdf5496d6c22071559168c862498a471,166.509249
0x63b179d3a9a71628db9fceaa9ead440965f5552e,7.465061
0x39ee684997feb358bb95df6babbbf5de0b994e75,885.680294
0x066587be92294649582ed9979b9ad689db4f304d,1.041334
0x40def7e4751a689efc2e6b7829141fb2c12aba80,0.364467
0x0c3b79874fc8fdc1e461379210d134f009db5ad1,1537.353394
0x114e61172892bcdb24a293440758e33a81af56ba,36.212377
0x6e3d158d3fb63eba04c040c77a8539e22f9d7b35,6.404202
0x3ee27ab9464d932dc107a1fb38b8bd4e28f2802f,1.978534
0xd0044db8abce67870b980215752e4357349e4761,333.786482
0x857197110f3eb2335e44851b173e58d2a68ec3d1,142.076958
0x32cb1c786977b6e12b0a46f1a7e83305eea5ec71,4.308518
0x1b84411df1150c50d0bf514995e1f524fb06378f,6.827244
0xb572e89e77178319ee345bf60dcc4812c4d13abd,87.406942
0xa15fab718b0cb25f82d61f58c014bd88a87eeed2,4.035168
0x35a7ffe3b291c60a36c4104d2d9471efc3b66cf6,50.843115
0xac8418a31e1cfa894c0d6a6a75c23fad48a7cb36,2.329984
0xce5f95c4ad0949176c2632b08eb99e435cf7e2c3,0.468600
0x9f6877db5aa47f6a2eaa06f7285c47d8a5b3919f,718.357503
0x832193faefedd6921188ac7f18341c80262c1aee,585.769697
0xc1d40765903409ee6297b46ecb49c25c25cf0949,168.097283
0xcace0052c274687c448c59e62b13512a34ac941c,233.369377
0xb5fcc1c11653566b83fd2ee849a3337592d28f76,720.999887
0xa14edd80e2593e93f7673cb6416636759b16625e,132.490181
0xfea3e311233e92d063754b95c93ea1a08ae47539,101.250171
0xb7cb022b99e2a71ffd87b62c17058a8069af09bb,177.456269
0xe6de83701269ff00c87dc6eb6544e263dc9f3e11,1028.824620
0x890bc8aa2dad755b03428c74a7a553fec8539ddb,199.473967
0x3d9c6962ad0723f577f582e864e3709d0d5c835d,6.137360
0xb42c9fce3133f5b6008ebbb92115d44c5c7b9a2f,15.008221
0x226bc396e2f6d41e4bcb60082d1e014f36a26ff6,8.011761
0x382fcf9e4fdb6c2d10e748b31bce792c30843cb8,197.762275
0x66f396419b481b4d7e667f1f1a48755388970b13,141.380567
0x18d4f3217fc028cc5f546be725d9f49cb6bd7936,564.350766
0xe0172e4a55d8c1739faca9533d76404d5cf535a4,6.104818
0xd4a1f9042c393b401f56f5e9a0d2ef3a5c446ab9,163.248573
0x52f5f224c515b3a3b7b9af8862c4b1d44c1003dd,6.417219
0x2f8866cb21e10d79e43680f5e3db9d512f36110b,5.772893
0xd5984506a354e9286225e8b13ffd6a8e11fdad0f,4032.538487
0x362af85ca4f04a9a29ad8cdce86da47f4ff0aa50,558.877256
0xeeddc76ee311ed8768f45443ed6c3b06deb8e0b5,3.859443
0xe477f368256abe4ef0f3a53135d4079534cd71cd,2.629367
0x5d864b0c42531fb2d0fd4a855a410bd0063f4576,397.490067
0x2f9c7f0fa0ecf6509a27795e49068b1a5f452bba,298.485271
0x14fe3fa97d7c7d3086fe6755e7ac01909f57e4ce,3.325759
0x007810716808d2a0f0bc818674c77863cc91bb0a,3.514501
0x67ed35ed9d3bbb0b82596f4e0e07499a87aac518,8.122402
0xe43807c907bba6e7902648525189a0dc1cce9d1c,3.078443
0xbb6875295d4e6662dc85a76eb87ca4edf3c9f829,2.941768
0x9c40daa3210f14202090617a273f4860ef3d7fdc,15.021238
0x111ad7f9d70d399973bac3ab57050044e3c2bab1,1.197534
0xa836d3ea8c9ddb4a5d9437e1218d3af6ce31773e,3518.985278
0xef32bfd15daca83c7678f6c44f65d1ac23a4f68b,85.740809
0x00d661d449785cab9e984081abd866a039aa8b8d,44.022380
0x04bef5bf293bb01d4946dbcfaaec9a5140316217,255.875200
0x5040eec95be3ce359d7a0353ec5739afa2d47c17,8.701644
0xd2d8626852400052c9ab13123e65619cd7aa8817,0.455583
0x94dfe4697282f6b6ac971a3f6f034a3ce25932c8,0.885134
0x34046d43d8384ef4d4fbcbd75794104350e8011b,989.065200
0x01899c359300b88b57020c2728e82d5961f9f6f4,29.215917
0x43440ba00fedb917d3a9427447814925ce5c1261,377.411853
0xd729d7eadf56dfc51f7326bed5363f3b96331fd4,732.819024
0x3a14fae1defc55fdce1fb7b028ca65238f47f2a1,43.430121
0x7b1113048c8ba09050a70720d2aafe2ef581f7d8,1782.652550
0x6e4a8119ced811438e29b4c0522f8aa8c3309e1a,219.220256
0x59dbdcb7d7d4f3e7c8afe0d60e99c33ff5d058f1,358.895639
0x0f4ede4c6f052a97aa087f8f500331a316853401,220.560973
0x020e81c8e32ebc179b4ea54f5088a784a4588271,8.525919
0xce8b4f6401339893ef7ff060ef032d29a736a719,90.856360
0x133b05eafe2b7be1882b11d44bb629250c8d9149,16.596255
0x8e0e8f9bc98281ccd2a2c27c41af010a05d9c773,2.167276
0xe8818b0727178bbfa5b2b88a4fe9198677b444b6,1.314684
0xa2735521148ed5c4443db0fcdfc51eaa220ca675,186.236013
0x5238f2c1162f05985eb749dc8e29e85f73033627,6.176410
0xfab6798dae53af1da8a3631115bf5d0d05cc82d0,1.666134
0x82da6300e36dddf09b824185ae3cf6903b840c43,5.128568
0xe9f5d2dcd7ecdfdff818ea77c2f8ce45e3692e33,0.572734
0xbfdc7259d6d8d6ca7cf17b1f994ca0b2298c5988,0.624800
0xa7195f8455b8a5d7eee84890d6fe3d16bc31be4e,0.442567
0x57c978247599eafaa8ac1e26978e1001e58c05b6,15.528888
0xe9a7c40a4395e8137b336395d88e66fc90e65812,1.789792
0x97c3c7fc7ec54865e7ef3decdb425a179d92f6ce,126.619662
0x7ef940442dab78e573f18ea5bd7a8b091e1633b6,0.689884
0xf615afa4d53833fc72e056c544872dc5ee81ef44,2320.358191
0x4dc508902931d0d375e1ae0db38c3c7f8eff2387,8.864353
0x3b53d306fc0e6f8ebc464cd4c0a2d3dea1130462,14.598196
0xae996603e6bef1861438d6348729f059a7b772e9,45.577872
0x5caf81506dae0fa92c6a160b01c49b089fefc7f4,580.556521
0xc659d696490a087d5c143c1468fe3163b82dca53,65.135419
0x0052d2e4af4548e6cf19e817b944cedb23ae09df,786.890273
0xd3c167f340bd89c6c408d0cd4bcd48d25c90df4f,9.326444
0xb964f13c6e8cb8b236be94db1767b25abe72d480,4.835693
0xf7f5688e58bf6d798afcde0934b4b9185b8cebc9,3085.810008
0x09da1c12971759b4520dd7f29a5761f92f24b7fb,0.676867
0xbe9b2868740584feefa0414a25d6774fc090122c,157.221855
0xc58791fe5664b8d7836d4df30813cc4b3eec4347,0.833067
0xba78a128780c6f36a8c23def594d6ea952d69236,27.419616
0x04b8b5af39f4187142f75e920a11883848002975,618.727907
0xe27141ca33967be5df82b5cd33d93adf6e04d31c,131.038822
0x7de81bdc578d2c4013c147a21597bd52c128c652,11.311487
0xe3ff14dbc85a0403738c65f67c778c6158d33389,104.328614
0xa82ee3cdb023f21a38058abafa682902c910d4cf,20.716031
0x1fe3c1c85fc3e065752c556776acbc392adcb48d,19.342772
0xe75e6ca2f83a3b699510d508fa6ee54604b3be7d,24.939941
0x3f48d1db70d48dbfe3cb32f8aa431471bc661b66,198.888217
0xec40c8cfff44a3631c5e972c4ddf0702e666d6f8,196.167733
0xcb7db076b6b12dd5aafc2dee4f2af23bf66742d7,12.294245
0x116404a839965041df571a067d613490fd65c500,441.792305
0x1158589564962ffbd1c99eb4863f062141998b49,2.876684
0xb681c301ae7d6b6d4686fbc3bde80a713f03acd4,1.015300
0x56463d50e1d58b2036b0dad19784df57d1aa6e9b,2.173784
0xb2a43093e608e6da3181fb373479973e0680a7a0,613.631881
0x54384e813145f49eb687e2f3893a10bf3d28f4e6,54.084266
0xc4d80fbb52932ea650d258a4899055871f52f7cd,109.066682
0x4a2c8f889894d63382888f8e340f1793e047fdf4,10.179036
0x791d41b061891e7701461d672a0989abf1bc4005,0.859100
0x77a85fb4823344553b9906dd4b5505c5e50d9969,1572.426813
0xda5a8a73a2014b378a94c962a3eae1302be90271,31.396209
0x325f7a96c0a3bae13b93e50c07ab48b7fb0a9a73,553.937430
0x5e65880648c3751e23a35e5fd4bc0953e88b339d,4.601393
0x1da5735648d5c6f8a0c164bd2d18ef13699a8e99,17.019297
0x4f02a08f7c891311b34ee6c67154db8782743f4f,7.315369
0xc89d404473109a6bd955f7a9a1a5e66f70599330,1.015300
0x10e0173c8bb5d8df0e7c35d81bcfcc9a26d9a403,5.089518
0x35cc98a1dd2cd732fe7f85499058199174014773,0.364467
0xf36e4d7fe46ef08cafbb79f3201b92c0c6d89e44,966.155859
0xe3cd5cf8403105edbc5e9c5eab905ac5565bb934,89.736926
0x756331e79e4ea0121b47e585adcaf43d5470c69c,29.541334
0xfdcc9494a8499bbc7037b9a75dbe77839ed33044,6.182918
0x15656fbefcc1e7388b09120214e07a5e48caa569,24.100365
0x0437b8a130b61f1829e680837ebdf5ae0b3970d9,170.264558
0x5377f4c635c3fcb216ae2a5af31888d774fc3f5f,14.520096
0x57135a008faa8c30728776da63d2deb7e9934e41,7554.511091
0xbd334dc99a77f6bc8c705d0f3e79c4148c2416dc,69.287737
0x7e2142c1f1d9330a6960fa9c8009cb0e903c62d5,33.895410
0x15ad947905a1af35da622f5bf22013ea87171ca2,0.468600
0x23469f1229c857bddef3186aec495c9e29131ce6,8.864353
0x9f8a4f6e2befc227ae14e76c61d8c566c918dc0c,2.147751
0x1cc2c2b1492dc7d9fb752454612ab4499e438968,106.678123
0xf7d48932f456e98d2ff824e38830e8f59de13f4a,226.724367
0x5a3f93d1d7de357289b256e724206c9d323a3f2e,0.885134
0x64f96a1b08b5f8638eaa37752c74d81dbc1afb4e,1164.406259
0x900833876d9a70c23303fa06f1a7dfeef29a2473,0.937200
0xf6bfde7e2bb791f2063beaddb4f07acf42957d3d,42.733729
0x4017205f4731f85fc870449e244375e7e8288c06,59.824618
0x2cbc47be6a393fd0cefc21340f28088ac4d6f713,1209.326789
0xc768cd9da77632e7cda77e28e7beb08dc3f8d32e,13.016670
0x9bb85cb0ee61f632986f6e96395f94f4acbd657c,2.030601
0x65ca951145a5b26a7102bfc0945b0acdcb3d80f4,137.592716
0x83058b3b5fccfb0bae3f959f9617a8ec23851e31,20.384106
0xf14040cf3f0c7358103915e403951cb448422baf,1.718201
0x2ff02e82420df0408a7304509d826136f066c9f8,15.873830
0x6a681ae3e378ab6cb931af2f826f2e2839fa7985,145.070793
0x0a7972db76bef61f7a474cb1fdd7ed5267637b0f,8.669103
0x7bc8556f9dc059fda073f167861fb81eb5d8b0ff,86.495775
0x384a0030a05419852e9e8253f77af898ef1315ad,42.258621
0xb94f50937dff523d2b1346ab73943861c4f97371,2.538251
0x9a0b5d2e0c3a60ff537c67225d0556f687162919,13.211921
0x44e6c1bd33e6994ca59e6a598ded2e3155d0bdc5,1397.756111
0xda6bb90690ae30d8ce8c3fbaf298d0db3d5ebdb2,1.692167
0x36bd18c34f58863cc75092405f585ae9889a6744,2.271409
0x082c118542a2219ac8155670089bcf3b1fa20ed0,93.160311
0xea69cb95011567784786a4930e2aee90efd0270c,13.576387
0x821b34146f26cbae700af58e29306f89d8a01973,0.455583
0x807036204902a7840c01f39959a40a45fc30d57a,256.513017
0xe73a5313365d1b68f46907d685e806538e55a89a,12.059945
0x3fd91ae5b5c22803f23838a9831cfd4ff7a3fc1a,60.768326
0x0f3f82db70feb61429ddeb23d34ea859f8414dab,76.485956
0xda5b90b4f175c6af7a7def1236f77acaf4ed4e83,0.507650
0x8ff6ea805d0be91791b3171c92f3431feb1f0337,1362.780318
0x29cacc19c8e9f0e10de66ea31c348a1e766137ea,0.442567
0xe8f756310dcf929c0dd1424aead738af10448ebf,4.373601
0xe1b0186f09c771563e5c2600d6b5195c9bc805f5,215.621147
0x2d2ea7237a71240bcce25c43f6c6a67caf8a1d22,7.204727
0x2ce22104ea16a7ec1e4e3a55dea254723df26479,0.702900
0xd79fa1791d3c62680881b615f218d810ffdff3a8,7.497602
0x09c162f70648ee99804f017fdbfc0f0f3a5bb4c7,203.756452
0x1acc0acd369cf22e459b8e040afcc0bf4651d0c1,27.471683
0x6d613e11df35bdbff7efe0a0629855a62b7ba148,31.539393
0x3a9e5e90b35c13f271b4fc1dbdf3becf7b37ec69,1228.363670
0xbd68ca226a27b4dbb296d1c36d6b86b292f51d4d,109.327016
0x65a38b90de77df18d112596bf664831926b2d5b2,0.637817
0x8448cdfb8a7259cc7dddf0659d26b7343216d8c1,13.504796
0x17c3ea68189e9c2d0031adcd3c6a95528030a656,1365.416194
0xeea99fa8883b25479f2ccf3320182654a3387619,2296.153693
0x275ce3c5450022c5a4d83d42e33dfa36dac03f26,370.278717
0x2a14d44e16b4561033b2c6bb8747a17fb9e78213,121.666819
0xa5b1a2794bbdb440b22f8ce52cf34bb1e90f2ff2,8.174469
0x37863df4712e4494dffc4854862259399354b2bb,2.343001
0x35554e84d1431707052b9347310d3abf1c751148,19.101964
0xf1d2c24ba2fbc8627f18fa117924b8b9d2ff02fe,130.674355
0xbe5deba62dba7f69977cda1d7740a07843c437b3,40.201987
0xcef4af4c7b55c64bd53c85ac170abdb12a0694e6,22.030715
0xa03acdc3256ada53ee408f1eb5394302c81de0a0,207.498744
0xb96fd91c18a220ae5381ff6226979b3ab240fbc4,14594.993863
0x2106f698f94715aeb73b524696b54a6a5d784e7b,192.028432
0xaadb275af8f5edbc8dc9e40afd849db5d7589a9a,51.962549
0xcfd15f0b656dedaeee9060fd5b023bccf9801db7,25.076616
0x36eac437b566e63ab354c324a12e451c03a34138,9.489153
0x64c4491db00c833c60cfbbedba153621589f9f4c,33.413793
0xccf6ad10b0f56723217f7905190d8be6bbdbfabf,5.128568
0xd20cc1610bb0d0cf0daacb159ab6cc4787d9e6d4,0.715917
0xe3a66908987149472544260a47fc4d33171af2db,48.636789
0x72f03638f56ec8fd2ed881132d1dcfbcf946223f,4.093743
0xf62d2c9c2fec2b9896dc6af3580a57657c38240d,197.671158
0x7bf0027c41c189cab33fc6f45529e1f3ce43bfe8,17.644097
0xb31d942da62a0c9ae053f0f2295f34d7d8c8554b,0.390500
0x65656127a7dcd958841277f9863bb0c068c72da2,10.563028
0xe587ee34855a2a21a76c4c329f63f6bf80b19f1b,629.603335
0x9cdff06bfb947eb4bd2b4fada33c893c095cdd36,2.082667
0x46ff2af9c8c3c4ca90149225785bd09a80eea5a1,144.166134
0x14b872e46c955b2b13b9c895d5ced192c1ce1bf9,109.756566
0xdeb8fba77d4f9cb8fa89a79a1dfff18c61d0a4a7,4268.075140
0x9e4bea6c9e578befded45dcfdcb3cf543b075e81,177.176410
0xf7c0fee81fd8f5e61ff5a3f2e5b4a055718f26e0,63.638502
0x88840c069def3b3ef325b1e103cb48bfc923085f,74.416305
0xc615cd0e42aeaa368f213b7e9904f959e276749d,0.364467
0xacdf579eb99fd939304a5604378bf9d67efac031,952.807264
0xf313166a5f4e6d81b400f67ea008496ee0717801,10.257136
0xbb4689ee8f9fca423d158c26424e2a7a658f21bb,175.536310
0xb69b1f774a2a46ee08ab6d368d410b2fcf912c49,399.774493
0x2aa528430ff17d3191cbeb5bc86256d92f008a27,3.683718
0x2806ebcb009a009b89cafe88aee9e13cf11d51af,67.205070
0x88d14eb9de4d6d2c6985cc72a202235f534f7415,183.482987
0x2a8286970f3152a408f3eba70027633fc766438e,2339.440630
0xc84839229a27b288c94323141a69ea5b5560de7c,0.494633
0x104b332a287abae8458fbc935bf0a6b638fc7e0b,17004.594348
0xe541c0c2804109866ba41ce50f728f58d65256a4,461.486528
0xc372b1c7b9748c3ba3f8e965b12cf913d04256ab,1.015300
0xc1bb70cc1763027925c38aaf5deb36e432dfa78e,2.993834
0x3864f798bb6a5ab704cd4aac47aae675b8533cb6,115.099909
0x96b425f8b82b5b5b881b2b6033436672c17a075f,0.468600
0x285263eb8f323807162ecbdec7ed20ac66f60985,14.409454
0x17c2096a82bef9749e007e86c6dbdba397f04dfa,49.788765
0xe3054fe4468713884d311d096e5b9c86b13e2973,63.280544
0xa9f484ff8ba2e8c4b15c594cadec8d2bfefda09f,7.836036
0x4fba10e6438a619fb8dab123a35fe8efc80bc082,0.794017
0x16cd576a6c031988e90c70899fec46c8531d3ba2,12.580612
0xf0198a8eaaf8d9c9527d628afa0beabe674169a5,6.820735
0xf5aac8202b9ed2d05de0a5b5ac8b5c60c167981d,0.624800
0xfcdef0d218a6e05c725b8e5df022f23cafc0b6e6,1.197534
0x833f0082e89925413b04c99e7d62d4d96b371ee6,18042.322370
0xe4814e7b8ab7fb4bfded382aadd051d4e522a847,1.672642
0x60174f2518f693fd696161ebe2681ee66ee8d742,242.500571
0xb47f2076e4b2a6cb6fa95c520d6345ae2186c893,120.111327
0x774f43557c38aba64c32bc955e6083b444a56fa1,5.714318
0xccf44cdc6ef5da3b8d54730d17f5c67e53007c8b,52.040649
0xef5db55ef155ceda3c0ce197d4e7f7a39e6d4c56,55.086550
0x3b9f1f141479e131f602f3436c99281e0026b604,1.197534
0xe004c51d4adfc65f8ea99f93b40309dd189f5631,329.855447
0x9f59847e5102c0d8cf9e2ec2cb1c5d84076a37cf,8.656086
0x1b4dfa2a2de6d00e4686cf392a3c88ee555b1975,77.533798
0x5b5e81443fd6468b22484e7470feff12237fcca8,2.421101
0x4670448c41a93c972bfa45b78a75e1c0cdc83ffe,0.781000
0xed4153f50bc22547e7699c449cf9bb74a71d875d,166.287966
0x95225681c3ea761d727097469a3355ec22eb4cd3,1.692167
0x17f0abae993019ea3c0f25222e0a89abe99ca81f,87.009934
0x8cb9072fb65b7fce134ce19525813d5a018232aa,97.410254
0x3a0743fd2a7c6678dc626c03ee6fe60a2a060097,0.364467
0x605d524f0fb3ab8db8bc55f6ef2831d5d092052f,3.787851
0x8d8a591f6f4c7f6bc11d50845370503a83b5c18d,9887.449894
0x876be7f77e20942b7034de60769aac3234cd8b3b,0.728934
0x1c27900fce5b1fbe7ef9a413d5b554aea9d37ab4,0.468600
0x88a730adca21b527a021620bffbfded146e60bef,26.391299
0x6fcd1454fe81aff9cd4048c9b763a120ee4ef9e5,29.111784
0xa4bffdac7aece81386fd83e94cc51c589b1362e5,658.344144
0xc3a7522650338ce2836fe29a36cab92adb0bff72,77.110756
0x7032434cc9ad2e62533ec1a8102940a810e86c93,1.679150
0xaee3a01953341f4e36ca801ecba4b9be3d12546f,0.364467
0x869609d6bd1b9552724d9fdc5483f7b4abd04a3b,248.091231
0xb9c0e4232317834511be59964e5259d3d4ba8926,851.797901
0x937e1b1c107c503e04096d6e2a4344121ca53b21,99.213063
0x053f86614d2bbe29e0776adb85f5e1b008c26462,0.689884
0x704c9d2f0a69c1644c887d73ec682226d362fa7c,0.377483
0xaf33531fecd42fd9621b62b6cb372b72f0ad22a4,0.911167
0x52175a1000b00f9967873d23e5008d8ee3431d56,3.032884
0x56edee17bc53c5a294f9ec38ae8073d20dc182c5,86.651976
0x64da20fe816a386cb823bebd8b5d55fd46b7623f,0.494633
0x40875d5bd1f0e87e2bc4b7d9b10e5080a46b4841,4.581868
0x81df9af71cd2e4b4f76aa2e17caed212ad4fe07d,2.779059
0xe67a47af5e439f7ca56a10552d4bb7f1c411a540,13.517812
0xcc6fd4d003f7292d27443749e437f4047c6e0436,7.035510
0x7749a334187bd656c3754f0816ca16c5719543bf,32.548185
0x5f392062fbbea0bc085f910691a38cab4b605a37,12.730304
0xe2ee1f443f00b3580c3d82d496b53ffc0ea71bb0,53.758849
0x4d1323146fcc5461d2ddf36d42fd25b9409e10f5,1.002284
0x0030590e70b3b0d72402c69f456673b8c400f2e0,56.316625
0x1ad6d7315daa2b0d027fe32f27030e7332d1c9d4,63.365152
0xa42d502c6cb989fef6cb5bedd74af837ffee4bbf,21823.404816
0x56c2f15bc7bbfc25768e93979ec310dc63466a3e,3.384334
0x7d59bc50ab68ee2cfbf05dd2fba61bda3e95e7eb,41.672871
0xebf692fc39f2d91b08fa8ce51ec9a89cc6422b73,1.132450
0x5f063c79b351a5ba3e6ef46a1d3be1a0224af1d3,1632.414139
0x2ca1993a7245e793a5b5ca4ae5b1ddb5be14d4c1,23.709865
0x44df14477e3bc96f3d9eb2bb970d7d1e65a55de3,56.368692
0xf27df79ba2194ac6f540704f305c574801c55864,561.708382
0x2ff61c2d0df46b8c73c37c4f4612e155899aaeed,35.463919
0xfdb68afdebc651d26bae98cfa4921c08eb18905a,1183.631882
0x05557332b2cb1cf2a9711a88c878c321b66207e4,3.189084
0x391fe0869edb7ec09a818308f2097d9dcb033c7d,3.911509
0xf8921e0329d334a24709adb6be4763bdfbc03859,40.026262
0x5e30438682d635d1e561fd79b3af679d679ca2f0,22.225965
0x59292c1726ab4819f33dc2db4d1c45527364fca8,33.439827
0x2a0f53af59347006655e605c056d2e9ea1016ba3,56.108358
0xd197cea70cabb5840e148b3b27bbd266250b283f,0.872117
0x4a9cb5a55915d108c54c6f50d9eab3097b7ca6ab,12.229162
0x4af520bf5257a7384ef78d611674401fc1e5938d,6550.261945
0xbb00a58e3a1ea848682353f79939056a69248fbd,0.364467
0xae3224437175c5a5f6b3edda6758d32dc202046b,3.813884
0x4fee06eb54d0c48cf6760730499f37c1875b07db,4.829185
0x5566f89cc82172105c671548f1d77c0da131bb14,160.183147
0x3e6f330f7deca3593c130162c4da630f369045ba,1277.690343
0x77d29d331b5f8d1ba8ba49b840c189916be4658f,2.089176
0x43683537cc5505b0030a94617ae1e3b8092f8496,8.161452
0x90c2411173957d5e6beeb7f42143cd4d6f2033a6,62.935602
0x9491e87c281cc15fe1edcae5953cfb00b0f8d5c7,453.754625
0x7c945b48b0bbb207577f1d4e183b8fda377483da,2.186801
0x7a7ea070e115f36b3ae264ac8cfcc58cdfd540b2,26.540991
0x8a96366233b567c667481ecffd891f43b713cf42,277.209523
0x4db20322ab73b54e5c5b9ec8088d15c645ecc000,0.390500
0x8a8945ddb7a70f50593207c6c0c8db7d61b66386,157.072163
0x5f399d514564cdcb3a777771a0ab2910ab8185ad,52.502740
0x8b3c1e421c5a2f571a0624e25c977bd36cbab199,17.266613
0x874fc12eb80efee30efad4886671044db6259fca,1111.057435
0x1eafd2c04feeb1be61cdcf1f6fe88abe71b2ef4b,3021.663856
0x85b914157256ded3a2a6a833e34efa368e0d2f73,0.937200
0x560839a2ab0b11f67b385e4f9b0f8c3ab664288c,5.844485
0xddfa6f80ab57891c4f756b0986e776498d515705,21.841973
0x3032c9a6de0c87aec1a272911ba1f5897609882b,10.699703
0x662a2e21d9b40f3c5bdd090cf465ae342b4f6b22,6.534369
0xede9844ecf11956f031b1284f6e8c7c3f90d935d,3.449418
0xafc621ddb2c8399cebff8642189fe7a17599b9c9,8.773236
0xa179facf951793fa8067ae519f8c55657300edb1,2.115209
0x9a18a43c7fed6034ddb71f86210fad06446785d4,122.818794
0x24762bd395e726fb94a37e3c3e51e7e19a9d7681,5343.056873
0xe3438e31702fa8d72a83e7ea89fdf92649196862,0.338433
0xf4d9767589e3845c04413e241a85ed5ae8bab0f9,3574.162944
0x96aec9a5c2cc018ddc0379255cd2f8d89a9b91e3,462.729620
0xb8ae961bdb8937030e47b8de376704ed17a9d278,445.742865
0xeee26e1ec796fadeb26b973f670917366ca09737,7.015985
0xfdbb1ddd24981575e02b8cdaabc2b9452d0e379d,2.746517
0x81eb4385a340e0c21af9eab86c4c9ccc1399fb25,7326.348382
0x058d7638f0adc99a0bdf306696b7284a42d303c4,480.100366
0x594fbd054a470f46762d861356e452719e7c0539,1047.334325
0x4c8fb19593d31f9d80b124fcce565ddc88b832b0,41.672871
0xb761950c9e78386a362cee62dff9c78f7db39d0b,0.507650
0x674e45526c4989c57be496c050e34957b7752313,77.169331
0x5e3e063c2e7cf1390b04dffc12975af9dc5dedb2,9.365494
0x5991b17522928e8a938b9123fd8392825c225b97,0.572734
0x8d7ae423148195be5ebb5abfdee1fe76677a6e0a,5.870518
0x14aaf641d930a28350ac53b4a9a28e75aefd7122,1819.925786
0xc50fde931575e79df7345b0b784950ff8ab85ac2,0.507650
0x609c8944ba9d9b33663b51e13e358bf1444fbb7d,8.838319
0x36c2bc742515f4d41f7ca1eac17ff3e6e816363c,102.616922
0xbd678f2812a254f81ef3b9f1e2b8bbd05fa3728a,5792.125497
0xfe9a0e85de6daea70461314180d60a3be18defdf,8663.837309
0x71e641e872912b7e7ed509b1be2e2e006992c89d,75.952272
0x1d6756e823165c971a82eae77d6867404c626112,5.818452
0x48eea6cb9bedd40ae44d1c4d3555affb3a9699f7,549.667962
0xd7264465e2b180552d83338cb97ff4f58d24b756,1.106417
0xfc6990f20e9eaeeda99adc8e7e30dcd328199775,152.099795
0x3cd7254a21602a9bcc9f75b35c1fadf0ee151947,123.944736
0x668d976713fa95bfde49e088b088356bb8c5229b,47.497831
0x46f2c7f02335ed10bed74310adb04e849dad87f9,72.672071
0x98d38568251eccb9f6c974e3d149c37b928ff716,2.948276
0x496b18bd138af1833a7490159a45dde2671117c4,211.969971
0x9b2094552088a0137754d5d106dbad546b5830ba,27.699475
0x7babd703286d9310efa6cb667c533330df9593fe,1.204042
0x4a481b3aa70d092303c06be59a6bbfd26290fe7d,3.293218
0x696fca6aa249d4ea35b69840ab23c4d2d273f756,32.964718
0xb8b072d8180f0584b268df729ddcc828e864ea8b,574.718544
0xdd4b1bb91cb83d378c9b997644f479defd5c8a8f,4.764101
0x9f833f74af242bcfbc5c0f3f58f67de4061975cc,13.348596
0xf5ace50e60ea08987e934b7864436f2815b37206,0.494633
0x1b6f02ff7f0dbc23bca5c34c1a8a975f45adf402,7162.969642
0x42aa1ac72ff608610ec506f3cccd4ac394f2705e,154.540420
0xa8692e1e65c9372fd2470d710b0f76a734a80874,45.226422
0x966633666cf9dc44569c413c8380ba906f358285,686.896211
0xa842b9e8d3a5f7723aacccce414d230de2c2ce18,24.100365
0xd8538555771ac9d9aeeedba3971256e43ebb35d2,34.318452
0x36f58db5d8d306af10a1a39a65e8066bd134ae5e,12.027404
0xad15f12ee34085756dd4843716777e17dbd7419c,12.456954
0x26997e6ad5bfc51031812917d213d3ed25b195d7,0.696392
0xa42dc7bafd65d1af11c835d87744c36ff219350e,6.052752
0xf90dabba87adb63f51c5a98bb4520e6ed707a836,49.736698
0xa6d5dffb22c6755a6ef2550d050de35adbdd67d5,2.369034
0x3b5387e0ef9bcd537ec1c691926f8c7ce26546cd,1.679150
0xde9638f6297053b90f0fe13a022ade5be7f8d813,1.724709
0x9e7639cf80602f32097b666a416062d0dd66a152,3623.398500
0x823c1ee6b3dd9b353b3c707dfc4afbc775cd4c52,1.503425
0xe5fe443ee02b1b02043440cc8fd2bf06a6eb04f4,2.356017
0x32022f845a3ce3362d26643c98938077e28668c2,0.715917
0x99e35163ecb107cb302867af6e2201a95fbb26cd,22.434232
0xcd4bc69dc69acb3532f0f99cbce7d3c869b803f7,15.561430
0x255ec4a7dfefeed4889dbeb03d7ac06adccc2d24,860.096028
