user_address,amount,percent,LV aidrop,LV total supply,LV bag P0.05%,LV bag total,,,,,,,,,,,,,
0x8b1288d2b2e357d80ef8e01b1880d01f601e0917,100,0.167%,836.33,"1,000,000,000","500,000","59,785",,,,,,,,,,,,,
0xe75581c7efd17aff1aa2a13ab94d11ac7570be67,100,0.167%,836.33,,,,,,,,,,,,,,,,
0x6dc4651c4799b8b012c525020e2eb7b087cd5167,100,0.167%,836.33,,,,,,,,,,,,,,,,
0x97d84361104152305ca89bd94bcb5a489aa23b87,100,0.167%,836.33,,,,,,,,,,,,,,,,
0x3211524357aaa4eac8b6af450e7e9713aa5eeb86,100,0.167%,836.33,,,,,,,,,,,,,,,,
0x381f0f06fd1796b73a88f4d637960c12856a1ba0,100,0.167%,836.33,,,,,,,,,,,,,,,,
0x7c945b48b0bbb207577f1d4e183b8fda377483da,100,0.167%,836.33,,,,,,,,,,,,,,,,
0x23841cfb5daf7eb2ad840587ccd84f1498cebe39,100,0.167%,836.33,,,,,,,,,,,,,,,,
0xd59c846d29f0773a4b206c5d84e794ce079c4f9d,100,0.167%,836.33,,,,,,,,,,,,,,,,
0x3e2f18e12fa3de657ce80e603ebd120443d77523,100,0.167%,836.33,,,,,,,,,,,,,,,,
0x726434a7dd332b580bba133ca287872ac5a4d882,100,0.167%,836.33,,,,,,,,,,,,,,,,
0x77a8f1e86804176f3c79661333e680d6d8c9a084,100,0.167%,836.33,,,,,,,,,,,,,,,,
0x255ec4a7dfefeed4889dbeb03d7ac06adccc2d24,100,0.167%,836.33,,,,,,,,,,,,,,,,
0xe1b3264a2257247f8ba175395c564ed9e364ff4d,100,0.167%,836.33,,,,,,,,,,,,,,,,
0xdc448d92f6694e10c97c8b1623f69ab52fcdbb81,100,0.167%,836.33,,,,,,,,,,,,,,,,
0xf1442bd38022d93cc5ac5bcb11d41124c76295c8,100,0.167%,836.33,,,,,,,,,,,,,,,,
0xcae2e56e83a8da68a97fc735a22be3127505b093,100,0.167%,836.33,,,,,,,,,,,,,,,,
0xa6a89eb48bc63ac54ac5b24486c1b15f8dc16ff0,100,0.167%,836.33,,,,,,,,,,,,,,,,
0x75d62f17e4d341e34ef5596146c774cac3ddcfd4,100,0.167%,836.33,,,,,,,,,,,,,,,,
0x2c8770affcf029f4b62988817aa09ecedcaff30d,100,0.167%,836.33,,,,,,,,,,,,,,,,
0x3ee27ab9464d932dc107a1fb38b8bd4e28f2802f,100,0.167%,836.33,,,,,,,,,,,,,,,,
0xb7897f6271ad6d2d3857f61baae7dda760c88bb0,100,0.167%,836.33,,,,,,,,,,,,,,,,
0xf8c5eabb6c415161d801b1cb5d0c0b33b336329a,100,0.167%,836.33,,,,,,,,,,,,,,,,
0x72c3c84d38ca5e3fed8e6498dba56902da62dbf5,100,0.167%,836.33,,,,,,,,,,,,,,,,
0xa2d004db6f3494eea61b4ca88b3ee0c0c5973330,100,0.167%,836.33,,,,,,,,,,,,,,,,
0xeb477ee31ee5ea6c85adeae02aade85699572e56,100,0.167%,836.33,,,,,,,,,,,,,,,,
0xa1f8c88901c5ce54c955082d8541330f959491c5,100,0.167%,836.33,,,,,,,,,,,,,,,,
0x5e17e11b10afc2b4f6f33309805625f2bb92098d,100,0.167%,836.33,,,,,,,,,,,,,,,,
0x812b0fbc7104ae79b1573fa411570608c34e0584,100,0.167%,836.33,,,,,,,,,,,,,,,,
0x69dd0af6171a93445b4781cb5ade2c7f03210ed1,100,0.167%,836.33,,,,,,,,,,,,,,,,
0x40d41d63dc562df78a10c254fd7020cc05edc5ef,100,0.167%,836.33,,,,,,,,,,,,,,,,
0xcf9686f5b8e7696acc52df88a0e68c551b955c4f,100,0.167%,836.33,,,,,,,,,,,,,,,,
0xa95ed3f2961573f91e9446282d4fa2f8cc5b6dc0,100,0.167%,836.33,,,,,,,,,,,,,,,,
0x61bcd8d8c73fca45fb8ed8a895de19db0195a07e,100,0.167%,836.33,,,,,,,,,,,,,,,,
0x28a4d13e24bb9a5bb6629e393fc0bf63d88a8d36,100,0.167%,836.33,,,,,,,,,,,,,,,,
0x86406f70f3d581d36952e5bef9e3542be5eac5ac,100,0.167%,836.33,,,,,,,,,,,,,,,,
0xebcbea7bb67c4f787bb8fab178c0e466cb8e3d77,100,0.167%,836.33,,,,,,,,,,,,,,,,
0xf328d9bd5fe862119ad3c845d9ffa93f215f794d,100,0.167%,836.33,,,,,,,,,,,,,,,,
0xf4d864e4555f2e2e780668b5c5647da37eeea327,100,0.167%,836.33,,,,,,,,,,,,,,,,
0xd436142c7ba90979fe549136583b7a598b10647c,100,0.167%,836.33,,,,,,,,,,,,,,,,
0x4582cf5ef868e17be689cf209c1693641bb5b4c1,100,0.167%,836.33,,,,,,,,,,,,,,,,
0x35ac68998911936d905a914e6bface4d38343ded,100,0.167%,836.33,,,,,,,,,,,,,,,,
0xf8fee1681dec7686a91bd33d53016f7b3a01e3a9,100,0.167%,836.33,,,,,,,,,,,,,,,,
0xadb9d864bddde2f12f6494c6a4e07a6f0010f8ba,100,0.167%,836.33,,,,,,,,,,,,,,,,
0xff7c0f2d8d60ce7882fc42ed852c61146c3bfc02,100,0.167%,836.33,,,,,,,,,,,,,,,,
0x3d0de3a76cd9f856664dc5a3adfd4056e45da9ed,100,0.167%,836.33,,,,,,,,,,,,,,,,
0xa46d5e75b981f882a13f348048d8c03bd00e18a5,100,0.167%,836.33,,,,,,,,,,,,,,,,
0x7f2d67d6ee81bf17ff8aaf387c44dbf05a006db9,100,0.167%,836.33,,,,,,,,,,,,,,,,
0xfb20296c74fa81ffe62c55201079dc987d1a4ebb,100,0.167%,836.33,,,,,,,,,,,,,,,,
0x331ddf15a6f9813995482f8392e48ab27c29686c,100,0.167%,836.33,,,,,,,,,,,,,,,,
0x1c860bda626c38c722052e6d4f93ed1cbd2c08e7,100,0.167%,836.33,,,,,,,,,,,,,,,,
0xbbd4c232b3bac42db1313668f25ca216def21919,100,0.167%,836.33,,,,,,,,,,,,,,,,
0x93ceb5a3968dbca11e927a44efef457806ef3958,100,0.167%,836.33,,,,,,,,,,,,,,,,
0x264e324c9a2c92418e0eff8e4fe969a3ae9a7c31,100,0.167%,836.33,,,,,,,,,,,,,,,,
0x0f6fe18da8f7d02d7b78966bbd0c3fd4043ec234,100,0.167%,836.33,,,,,,,,,,,,,,,,
0xea16ed935d3bc2e636cc8e4619597337e2c45490,100,0.167%,836.33,,,,,,,,,,,,,,,,
0x50fb82f594225260ebca212f839ab0ad0708dea2,100,0.167%,836.33,,,,,,,,,,,,,,,,
0xf6ead08b48678945e98c93b6c7c9342e2c13e92c,100,0.167%,836.33,,,,,,,,,,,,,,,,
0x944e24cd5d9d50f6e7204e9e6eb5419f73b0f5f8,100,0.167%,836.33,,,,,,,,,,,,,,,,
0x5126fb26de8b96778fd5de5fa8003649a404cb13,100,0.167%,836.33,,,,,,,,,,,,,,,,
0x4afb37574d5497ae03e40ed264a43597dc525399,100,0.167%,836.33,,,,,,,,,,,,,,,,
0x8b48aa97799112e0383b51395f029660731e1819,100,0.167%,836.33,,,,,,,,,,,,,,,,
0x3681acc679a2276b05570a704affbc9c3528374a,100,0.167%,836.33,,,,,,,,,,,,,,,,
0xc4a7ef91c0c88a84070c1959a6f6be5844a98788,100,0.167%,836.33,,,,,,,,,,,,,,,,
0x87047356e9e58c3861b3cd5c6c85cd1227a78328,100,0.167%,836.33,,,,,,,,,,,,,,,,
0x5abb2078f6d21476abf115d1a3412615b19d6a8c,100,0.167%,836.33,,,,,,,,,,,,,,,,
0xd29108a165a550da82850ab0157ea8cebb336732,100,0.167%,836.33,,,,,,,,,,,,,,,,
0xb3e790ddb58f91892fab794789b791d911db57bf,100,0.167%,836.33,,,,,,,,,,,,,,,,
0x3097bfe7ae48454d04f19fae50e159f871b7c9a0,100,0.167%,836.33,,,,,,,,,,,,,,,,
0x29e68c9dc515939f2c5d5a3e2ff86e9a4ecf66e0,100,0.167%,836.33,,,,,,,,,,,,,,,,
0x90be5eebfa0c6394c17446010384e0a1775e653c,100,0.167%,836.33,,,,,,,,,,,,,,,,
0xd62c169c728d4681d4e011bce9f9b52970cc541d,100,0.167%,836.33,,,,,,,,,,,,,,,,
0x45d3c842cb41d6c49a5e9d5133b117e1494480dd,100,0.167%,836.33,,,,,,,,,,,,,,,,
0x9bce19c1e91db7c6cd36d7310fa21f7b453dec97,100,0.167%,836.33,,,,,,,,,,,,,,,,
0xb2b1004b33121f49524ac2c3b0332b502c62d695,100,0.167%,836.33,,,,,,,,,,,,,,,,
0xdc3580dc7e796ed5b25cbc98de1ba7a7d27a99cd,100,0.167%,836.33,,,,,,,,,,,,,,,,
0x163412fc7a714d12be209d55ee9d228347332fb4,100,0.167%,836.33,,,,,,,,,,,,,,,,
0x156126aa76ed6e58ed24be8c1f3cf1c13579c060,100,0.167%,836.33,,,,,,,,,,,,,,,,
0x77bd8fbd729b55d04e7809eed30f29bc6869e1f5,100,0.167%,836.33,,,,,,,,,,,,,,,,
0x4a98b1547df74d2a953d32da345e1e6aa737065b,100,0.167%,836.33,,,,,,,,,,,,,,,,
0x518b0f0d91408b88fb47f518cc6945e78243bc79,100,0.167%,836.33,,,,,,,,,,,,,,,,
0x35650827af9724354eb9b92103c45f60309b1d76,100,0.167%,836.33,,,,,,,,,,,,,,,,
0x3a1cb9b55cff831ed9cfca4d37f006044daebddc,100,0.167%,836.33,,,,,,,,,,,,,,,,
0x1ca97669537adb7a9eca3b52230f445e40cfdd34,100,0.167%,836.33,,,,,,,,,,,,,,,,
0x46b2aa5b8a64adc2636d453539434bb7c881af06,100,0.167%,836.33,,,,,,,,,,,,,,,,
0x199cd1ec35dafe836c619583d5ba105228809d1d,100,0.167%,836.33,,,,,,,,,,,,,,,,
0xcf3da4db7678e4f9eb5382dd39ff1eb21a2b3e69,100,0.167%,836.33,,,,,,,,,,,,,,,,
0x7762bd20066b0ba051152d43c02134d53c87979d,100,0.167%,836.33,,,,,,,,,,,,,,,,
0x863061a8f82e7a261406d7a2b1f8605a875dafa7,100,0.167%,836.33,,,,,,,,,,,,,,,,
0x5de8e9792bb9b326a6b1ae8d75a7631e47dd17b7,100,0.167%,836.33,,,,,,,,,,,,,,,,
0x30c4a62f198e2a3dc08a9f7eb2afd783165821d1,100,0.167%,836.33,,,,,,,,,,,,,,,,
0xdaafbe495e5607a679305d5695ba3d21c11683c2,100,0.167%,836.33,,,,,,,,,,,,,,,,
0xbac127ffa08e3340ebedba908eb10ca7fda3a7eb,100,0.167%,836.33,,,,,,,,,,,,,,,,
0x391851858e94278293d05519696ce53b54cef73e,100,0.167%,836.33,,,,,,,,,,,,,,,,
0xbb0e77bdb6a077eeff8c5204395400a49115a9a3,100,0.167%,836.33,,,,,,,,,,,,,,,,
0x13556cb1effa2516894ff3007cd3fc08efc30b1b,100,0.167%,836.33,,,,,,,,,,,,,,,,
0x506af682ba7760035c34895ad5ed3ccae313a3ab,100,0.167%,836.33,,,,,,,,,,,,,,,,
0x6a4102c912d76c213e8185ba9c1c6da49c23fdd4,100,0.167%,836.33,,,,,,,,,,,,,,,,
0xd67ddda5ca83c56de74a131753d7f5ce63fb4ca2,100,0.167%,836.33,,,,,,,,,,,,,,,,
0x359ef3e47d9bea158c4c99062168bac4414ccf72,100,0.167%,836.33,,,,,,,,,,,,,,,,
0x26a4db1593d1d9bbc1932a6932eab168fce69d14,100,0.167%,836.33,,,,,,,,,,,,,,,,
0x84cd995994b3e4b5c609f8ada6508f740159cbc9,100,0.167%,836.33,,,,,,,,,,,,,,,,
0x1798fbc6a3c46b171278ff97d7fc4c209cf28c3d,100,0.167%,836.33,,,,,,,,,,,,,,,,
0xb4b60214edc10f0813ea1e54d9225c214c2ed174,100,0.167%,836.33,,,,,,,,,,,,,,,,
0xda2d7c40cc6b4a1821e5237c3d2603fb49fd7224,100,0.167%,836.33,,,,,,,,,,,,,,,,
0x4b43ac2007244b53ce0e7683d66d2a6d6e1c12c8,100,0.167%,836.33,,,,,,,,,,,,,,,,
0x41fe8e582137b9af967ffa4469067874a87c5ff5,100,0.167%,836.33,,,,,,,,,,,,,,,,
0x787c217fd2e4750f56611b02ea7222de19f1e6cc,100,0.167%,836.33,,,,,,,,,,,,,,,,
0x5a59546eb5b43159aba78bc7545780d6bc85a95c,100,0.167%,836.33,,,,,,,,,,,,,,,,
0xb96f79ab68f928b44b7abb62ff89f54b5609a5f8,100,0.167%,836.33,,,,,,,,,,,,,,,,
0x61a16e3876ff81bc6eefe210408a711fbc3aea50,100,0.167%,836.33,,,,,,,,,,,,,,,,
0x244724e8c4d814a88dcb71e11b3ef958cd2438d8,100,0.167%,836.33,,,,,,,,,,,,,,,,
0x9fa002df104142d4ab82d2bca6b93feeed1fbaa3,100,0.167%,836.33,,,,,,,,,,,,,,,,
0x431e84afe1249c32306c546562fd2d220895e527,100,0.167%,836.33,,,,,,,,,,,,,,,,
0xc54b186727366d808bfcd29a3ec4b827998fc7bb,100,0.167%,836.33,,,,,,,,,,,,,,,,
0x8f7b51af5ee5a0d8c7487b3baa528436ff8a17bb,100,0.167%,836.33,,,,,,,,,,,,,,,,
0xf20db2acc51a818df83e4ab4149d4226067307c9,100,0.167%,836.33,,,,,,,,,,,,,,,,
0x2c1bde7ce0dfbc346c96b0437d991029bf9eca4d,100,0.167%,836.33,,,,,,,,,,,,,,,,
0xf0a0b0f89fc47c81a2a9bc20708c7d1b15d98567,100,0.167%,836.33,,,,,,,,,,,,,,,,
0xc98c6d42a3d0519b28ef3435e81f6b411f78d726,100,0.167%,836.33,,,,,,,,,,,,,,,,
0x1900759ea52d52f5e09a54bdc440d86052c8144b,100,0.167%,836.33,,,,,,,,,,,,,,,,
0x8db155fbfa79c736860eb18afc6256525fb2dcff,100,0.167%,836.33,,,,,,,,,,,,,,,,
0x02836137a7dd87461f02d3eb39a74990f589f59c,100,0.167%,836.33,,,,,,,,,,,,,,,,
0xed95f6539e826bfea3725858b488d185469a3a66,100,0.167%,836.33,,,,,,,,,,,,,,,,
0x92f44e9cb57f10f2a825c09c3bc8100565bd7031,100,0.167%,836.33,,,,,,,,,,,,,,,,
0x502e46fcbdcf911f66cb8ef0dbcb889e06f27fe5,100,0.167%,836.33,,,,,,,,,,,,,,,,
0xb512e5932273325b025915461d8f09a076987926,100,0.167%,836.33,,,,,,,,,,,,,,,,
0x2b1604ee24f3df767d1af6aabcdeaf555f14c9bf,100,0.167%,836.33,,,,,,,,,,,,,,,,
0x78aac5d0c4a1555fa789df1983ab8104b2043a40,100,0.167%,836.33,,,,,,,,,,,,,,,,
0x34a733e608a45d431ab5d0cb343e1ece951553a2,100,0.167%,836.33,,,,,,,,,,,,,,,,
0x2920f8c2eeabc8f52cffd6c0d56b70e4cf6a2a78,100,0.167%,836.33,,,,,,,,,,,,,,,,
0xe3092ba977ec024d6d135e8b8f4c40866193f112,100,0.167%,836.33,,,,,,,,,,,,,,,,
0x09d7c20776be8f057fb607a66013dca969ade12d,100,0.167%,836.33,,,,,,,,,,,,,,,,
0x56a8cb65cae9bd3467b9ce2b7e16ac778f6cf84e,100,0.167%,836.33,,,,,,,,,,,,,,,,
0x525a21320b67c2b23a63f5c984cbf3d139d7afb8,100,0.167%,836.33,,,,,,,,,,,,,,,,
0x6ca1ef713f9585709056184dec3feced08a9b0b5,100,0.167%,836.33,,,,,,,,,,,,,,,,
0xa4bf7ad2b5babe3bc519b53489efd987405a6540,100,0.167%,836.33,,,,,,,,,,,,,,,,
0xee606a28af7180a7abbeef3930059a725ae6d0b4,100,0.167%,836.33,,,,,,,,,,,,,,,,
0x8d5e25d4a65104fbc5a9af5e6baeb19c6a945876,100,0.167%,836.33,,,,,,,,,,,,,,,,
0x3b78e9fbef63f2ed8c1a7416cf2e4f7480a687d2,100,0.167%,836.33,,,,,,,,,,,,,,,,
0x8b9ebc3dd8fc970632184536a1fe28d40c1cfb6b,100,0.167%,836.33,,,,,,,,,,,,,,,,
0xaaceedfde04057322f5f1103aa9332da39fa72b8,100,0.167%,836.33,,,,,,,,,,,,,,,,
0xa49e82a39fdf2e6061b2438ea67b3e705096a8eb,100,0.167%,836.33,,,,,,,,,,,,,,,,
0x7e6d4160a45679ea8781bec4d630aa7e0be484c2,100,0.167%,836.33,,,,,,,,,,,,,,,,
0x43038d10d3852c89dcc63c6643164788409b8230,100,0.167%,836.33,,,,,,,,,,,,,,,,
0xe21e060ae0b7b6ed120d120695a3244ff8c764f9,100,0.167%,836.33,,,,,,,,,,,,,,,,
0x55f10ac7323dab8dbd46618b72f178be85c6c0b3,100,0.167%,836.33,,,,,,,,,,,,,,,,
0x82de74fbd9222ce15c6844f34ac2d130be8ddd8e,100,0.167%,836.33,,,,,,,,,,,,,,,,
0x37ac0e73830f6984b520896843b181c545208801,100,0.167%,836.33,,,,,,,,,,,,,,,,
0x21f9c48b6b36f00d52ae61a4755b21ec2d385f3d,100,0.167%,836.33,,,,,,,,,,,,,,,,
0xe17f33c159e9f5daa2c23122089b9db34ff7f5bb,100,0.167%,836.33,,,,,,,,,,,,,,,,
0xe80bcf4b7873a0dc4ff47e3bd06d494041e130dd,100,0.167%,836.33,,,,,,,,,,,,,,,,
0xa8824bf3ebb8e82e2a3f5a5c0295ce8256bae0eb,100,0.167%,836.33,,,,,,,,,,,,,,,,
0xa7aebf7df7e6c6e37ed465d8843f08db84ed4587,100,0.167%,836.33,,,,,,,,,,,,,,,,
0xa3848290f369225269745a67c5067a43c1daacdf,100,0.167%,836.33,,,,,,,,,,,,,,,,
0x8ae41013caeef2a837fd572cf85ebb3d3a551edd,100,0.167%,836.33,,,,,,,,,,,,,,,,
0xf96c4ac582d57f41c9fedd7aedd8c3a0e2e6516e,100,0.167%,836.33,,,,,,,,,,,,,,,,
0x94f845cd28930f316afb84a703e4c2ab6560dcbf,100,0.167%,836.33,,,,,,,,,,,,,,,,
0xf446724b06c6cc0632e7877341ea5133e540b6c9,100,0.167%,836.33,,,,,,,,,,,,,,,,
0x8c79257efb188472dcc85ade58a6c31c2b870aee,100,0.167%,836.33,,,,,,,,,,,,,,,,
0x4dd4530d2f3f00675f74280e38082e6058ac0fcc,100,0.167%,836.33,,,,,,,,,,,,,,,,
0x8355c5eb498de3c94d759d4627d339a516c66f74,100,0.167%,836.33,,,,,,,,,,,,,,,,
0x48e15eda0eeb41549eaa20587866b17c6a38d982,100,0.167%,836.33,,,,,,,,,,,,,,,,
0x2e7255ca8d8904ae37c2a27c547b3b4740cb16e3,100,0.167%,836.33,,,,,,,,,,,,,,,,
0x9baf48fe23ef619b7c16ac7eb8ec72c86a5a28a3,100,0.167%,836.33,,,,,,,,,,,,,,,,
0x185a1f461ccea5fb142e29b365cc41d636f2b039,100,0.167%,836.33,,,,,,,,,,,,,,,,
0xbacdd5771200ea09346562c79b2c722f31878f2a,100,0.167%,836.33,,,,,,,,,,,,,,,,
0xe37c9055f42ecb91bef4f839e812c8e0d1f9d55b,100,0.167%,836.33,,,,,,,,,,,,,,,,
0x5b61c245ed65049332572b4f0bf58a3a27a5dabd,100,0.167%,836.33,,,,,,,,,,,,,,,,
0xe6df8d97e150f96ed0960a79215a276b5802d633,100,0.167%,836.33,,,,,,,,,,,,,,,,
0x0b0cd13678e585c5f2fef2758e62f86d319c6766,100,0.167%,836.33,,,,,,,,,,,,,,,,
0x39a74728e7dd81be4938444ceba009e48c42a133,100,0.167%,836.33,,,,,,,,,,,,,,,,
0x37e2d80880c7bf8c9f1881139ee64949a2bf887a,100,0.167%,836.33,,,,,,,,,,,,,,,,
0xbb0c83402b3fed7d45f3672aa2f1ce6b29290cdb,100,0.167%,836.33,,,,,,,,,,,,,,,,
0xba0ebc706ffbd4fffda79108ee1a6d9f6e79968e,100,0.167%,836.33,,,,,,,,,,,,,,,,
0xaffb04602aa108bd94f37d9f379eaf240bc0fc09,100,0.167%,836.33,,,,,,,,,,,,,,,,
0x6f0333e09901d5887319c0fffaf57f3620b51fca,100,0.167%,836.33,,,,,,,,,,,,,,,,
0xd520cbb510430cf4457788a292488d03c2a8de98,100,0.167%,836.33,,,,,,,,,,,,,,,,
0x8af8b2780aef7b83264537518b20c20c3bf768a4,100,0.167%,836.33,,,,,,,,,,,,,,,,
0xb2159f4614ab1570252ec2ca43114adc45d2c7ac,100,0.167%,836.33,,,,,,,,,,,,,,,,
0x8c346e307efbc7c3dfb8ad5a3cca26f153178d0f,100,0.167%,836.33,,,,,,,,,,,,,,,,
0x0a3988f01bc0ef486130318add1651ad8eb1bfb8,100,0.167%,836.33,,,,,,,,,,,,,,,,
0xed060129977d3f46b0525701cc48e526d3210f31,100,0.167%,836.33,,,,,,,,,,,,,,,,
0x58ab20f9041bc26cfb044268539a898104e46870,100,0.167%,836.33,,,,,,,,,,,,,,,,
0x0ae26c1b1b4762f58b7a024ed55c54ef72dbf873,100,0.167%,836.33,,,,,,,,,,,,,,,,
0x5e535c88b48895469a314fca75d569f41122321f,100,0.167%,836.33,,,,,,,,,,,,,,,,
0xfe52da09a87fa10b42f8649144285b6a2a3b8f65,100,0.167%,836.33,,,,,,,,,,,,,,,,
0x2eaa5aaead2192b6fd9d921ed1d72e3b27b82ad5,100,0.167%,836.33,,,,,,,,,,,,,,,,
0xf2c67395be5da848da0184928d5ceb887acf9165,100,0.167%,836.33,,,,,,,,,,,,,,,,
0xc07f09952aa27265be754552add9d479cc0c0836,100,0.167%,836.33,,,,,,,,,,,,,,,,
0xb119d4488499c63cdc347b8f033ecfb4ac81df6b,100,0.167%,836.33,,,,,,,,,,,,,,,,
0xbfb601965a68606617d7b4b5991f92b602c55eae,100,0.167%,836.33,,,,,,,,,,,,,,,,
0x3db7b9a9e66dc7aec7895432e978fdd1d88b00f1,100,0.167%,836.33,,,,,,,,,,,,,,,,
0xba4f0c12129c1fb4e6f8f2ab961d050311b0c4e9,100,0.167%,836.33,,,,,,,,,,,,,,,,
0x784e24ab1e9d2808f061ae5a434b33c037d250a1,100,0.167%,836.33,,,,,,,,,,,,,,,,
0xfcacfa56bbf281685f6e3cea4b749c6da930fe35,100,0.167%,836.33,,,,,,,,,,,,,,,,
0xe91656367a14cba5d330201e4e036ccc12f0f7e2,100,0.167%,836.33,,,,,,,,,,,,,,,,
0x8601abd04c9dda5a5b04e7c5a346afc4b0f99d09,100,0.167%,836.33,,,,,,,,,,,,,,,,
0x3ef2450c47bf537f52209c65de7305f6973774d0,100,0.167%,836.33,,,,,,,,,,,,,,,,
0xa0fa4f6359f3b3a91c7737d26333de5235c130a6,100,0.167%,836.33,,,,,,,,,,,,,,,,
0x1cce573317da2ce52bcf8c4d40938ba1112ffd22,100,0.167%,836.33,,,,,,,,,,,,,,,,
0x48cf4b131d38daed176623f6ecdfcaf0e2f1a47f,100,0.167%,836.33,,,,,,,,,,,,,,,,
0xa8eb81e8e2085f8c628962df296206fd9901fc87,100,0.167%,836.33,,,,,,,,,,,,,,,,
0x0b44b076c3f127f243ff79a78bf530b4b17b261e,100,0.167%,836.33,,,,,,,,,,,,,,,,
0xf3039e9122dcd277d89389040af3490f639cd8f3,100,0.167%,836.33,,,,,,,,,,,,,,,,
0x30c28d5abc738afba0fc567712827ff6dd18a825,100,0.167%,836.33,,,,,,,,,,,,,,,,
0x194c2a99686ef68938bdcec0563fd001ce710a7a,100,0.167%,836.33,,,,,,,,,,,,,,,,
0xc8bfd60565d451cf476de26533b605a9a60863f0,100,0.167%,836.33,,,,,,,,,,,,,,,,
0x3a28639015ea51dd7205a1677f0278767f1ecc02,100,0.167%,836.33,,,,,,,,,,,,,,,,
0x234e3d25eb159d4c52bcfc357b8bfaeb73a3d186,100,0.167%,836.33,,,,,,,,,,,,,,,,
0x63f2f4c21804d61d68d5b80933cced532137a0b2,100,0.167%,836.33,,,,,,,,,,,,,,,,
0x0b809ca00e52c7ed54044b764d2bf4928578eced,100,0.167%,836.33,,,,,,,,,,,,,,,,
0x5c0bd1d80495781f509928b61b6258fe2cae3c31,100,0.167%,836.33,,,,,,,,,,,,,,,,
0x332665de6e3cef4de2683c0922ad8c3f767db206,100,0.167%,836.33,,,,,,,,,,,,,,,,
0x92bb39f9e60dfe9e22096bc5f5547e1d90a71750,100,0.167%,836.33,,,,,,,,,,,,,,,,
0x74b7adceb2105983294c0ca516580e2718295086,100,0.167%,836.33,,,,,,,,,,,,,,,,
0x8e850678673bfc5ef14e4e342644d7d5cc758523,100,0.167%,836.33,,,,,,,,,,,,,,,,
0x0d7b542a7df03edda8800ffb597b3332b00591e2,100,0.167%,836.33,,,,,,,,,,,,,,,,
0x9b4a050e6dd6a239a03886a01ced9d5f64b2479f,100,0.167%,836.33,,,,,,,,,,,,,,,,
0x530e282303f421314ea4785eb45ad1b6cc42bf5b,100,0.167%,836.33,,,,,,,,,,,,,,,,
0xa5736b5deef021ac60f6639dead2f0b240c8d70e,100,0.167%,836.33,,,,,,,,,,,,,,,,
0x88db43c8c992992436bc92c0dd5d2952da389dcc,100,0.167%,836.33,,,,,,,,,,,,,,,,
0x56b271b7289c9c0b2e16db7fab065ba2586dbb89,100,0.167%,836.33,,,,,,,,,,,,,,,,
0x889e2c18d4a8ec2637fcaac6f35f219d350579a5,100,0.167%,836.33,,,,,,,,,,,,,,,,
0xd0c738f289deb12ac0b8587235fb015357ba1eb4,100,0.167%,836.33,,,,,,,,,,,,,,,,
0xf14a9c6ab5a59f46e5b676405ed5ad0a0a6b87d6,100,0.167%,836.33,,,,,,,,,,,,,,,,
0x7a28c4cef82afee0605c45219b36ee5690f42aa6,100,0.167%,836.33,,,,,,,,,,,,,,,,
0x36671c0d2db7299ea7f6464bc629ead670779e67,100,0.167%,836.33,,,,,,,,,,,,,,,,
0x8829e61fda2e8805db11ec43b474cee04d7234ba,100,0.167%,836.33,,,,,,,,,,,,,,,,
0x5efeb95d7e6a729efcdb7a225b8758febb03168a,100,0.167%,836.33,,,,,,,,,,,,,,,,
0xe9a1ae78abe238681e96809ef2c3ca138c96c748,100,0.167%,836.33,,,,,,,,,,,,,,,,
0xc043d0d2ce221c10bb9509bd6884a16776cd5f2d,100,0.167%,836.33,,,,,,,,,,,,,,,,
0x645206b8aad85aa63971e7ac6e88abe5458a9694,100,0.167%,836.33,,,,,,,,,,,,,,,,
0xb4ef189d3518d323c22129c741b1061b8be18908,100,0.167%,836.33,,,,,,,,,,,,,,,,
0xeba11ff5f277695b648f6d5d0eae89c8da1b6b2e,100,0.167%,836.33,,,,,,,,,,,,,,,,
0x109fa21d663587b3d487a7a87876b896c8a2bc7b,100,0.167%,836.33,,,,,,,,,,,,,,,,
0x94c4e358d53e5a77a2a9325468fdf958519a939c,100,0.167%,836.33,,,,,,,,,,,,,,,,
0xdf03f07b054210004783d07855ddaa4ae149b032,100,0.167%,836.33,,,,,,,,,,,,,,,,
0xd3b32677926fad913debcdd1bcc26d2005e51f28,100,0.167%,836.33,,,,,,,,,,,,,,,,
0xa872b436a757faaf8e10d7b82c49219d58e6aea8,100,0.167%,836.33,,,,,,,,,,,,,,,,
0x09343d7d26057ac4d8ac6abf9cfe104c645bad6b,100,0.167%,836.33,,,,,,,,,,,,,,,,
0xe5b0eff4372ba0a999ebcd4a04757c0c5228dee7,100,0.167%,836.33,,,,,,,,,,,,,,,,
0xe74132ae58ee711e5195792bc6352df53d41bc45,100,0.167%,836.33,,,,,,,,,,,,,,,,
0x13920fff882f215ddc58e4f46c69c076f0d15e66,100,0.167%,836.33,,,,,,,,,,,,,,,,
0x5ec2155a33e4d710822f897ebe05be9a4ece5b60,100,0.167%,836.33,,,,,,,,,,,,,,,,
0xb87e87049fe007273ed655af8f8e8c7fc5128a4a,100,0.167%,836.33,,,,,,,,,,,,,,,,
0xe95071e958e048644385feb515f0c29c8a19873f,100,0.167%,836.33,,,,,,,,,,,,,,,,
0x3db16d54a1a3bdb3641878b50b9f5dafcd0da2ee,100,0.167%,836.33,,,,,,,,,,,,,,,,
0x8da0ac963b789f050ea7c16205398d0134fd18d6,100,0.167%,836.33,,,,,,,,,,,,,,,,
0xcd4bc69dc69acb3532f0f99cbce7d3c869b803f7,100,0.167%,836.33,,,,,,,,,,,,,,,,
0xca41af9fb2f88bc6594ef5aa63202a6eae5f2eea,100,0.167%,836.33,,,,,,,,,,,,,,,,
0x4ef1c75d6547e34fa9ec678996371e680afc8d06,100,0.167%,836.33,,,,,,,,,,,,,,,,
0x4363e4e75c2a896ce00da2ea92fcb3ea75c25b58,100,0.167%,836.33,,,,,,,,,,,,,,,,
0x3c190243c9ceddf5a46390d672be8952e755ef51,100,0.167%,836.33,,,,,,,,,,,,,,,,
0x8a0d711f40611e6607630f8a19ca127886782be4,100,0.167%,836.33,,,,,,,,,,,,,,,,
0x08299d244c21bee544808c911fd3dea59051ecc0,100,0.167%,836.33,,,,,,,,,,,,,,,,
0xf9967492468dc1c44a1a452f7eca80e0a5e406f0,100,0.167%,836.33,,,,,,,,,,,,,,,,
0x84ae8d1bdf3e90eaa1e5560a088ee6d4edbe8ad2,100,0.167%,836.33,,,,,,,,,,,,,,,,
0x4494916c436de0942308810b6143862f595c4403,100,0.167%,836.33,,,,,,,,,,,,,,,,
0xa3e7690535d498659b5abb0a51ce802662e97bca,100,0.167%,836.33,,,,,,,,,,,,,,,,
0x8bd8e8522ebf71a4409b0cfa305d118967e42434,100,0.167%,836.33,,,,,,,,,,,,,,,,
0x3341c0c7db6df8f30d2989e8969af4c37f027f64,100,0.167%,836.33,,,,,,,,,,,,,,,,
0x9b4ea5181e7a8f7e5a33ae7fd0f10eac0ca40c6c,100,0.167%,836.33,,,,,,,,,,,,,,,,
0x346bc0d0937c15d65fb04558c3bb1a5ae998eee1,100,0.167%,836.33,,,,,,,,,,,,,,,,
0xdc167fe76ddf75c6ad42aa609cc61cafc94ebd82,100,0.167%,836.33,,,,,,,,,,,,,,,,
0x20b6f63e741c459c954bd556d49338affa7620c4,100,0.167%,836.33,,,,,,,,,,,,,,,,
0xd41f095d56336f75280aac1472f89d16fd56c1fb,100,0.167%,836.33,,,,,,,,,,,,,,,,
0x64d249ba27a87c0118468043a95d068cab045a93,100,0.167%,836.33,,,,,,,,,,,,,,,,
0x2342529dfae5447c5feb3950f57f2e773b11a365,100,0.167%,836.33,,,,,,,,,,,,,,,,
0x2bce76d419a4ad4f47af7e0fca16cca118b60a47,100,0.167%,836.33,,,,,,,,,,,,,,,,
0x3eb5f56ff6e659ef59f70047cacda342cfec443f,100,0.167%,836.33,,,,,,,,,,,,,,,,
0x100ee93639b5bb81cf1fb694f3874cc336439bc6,100,0.167%,836.33,,,,,,,,,,,,,,,,
0x82dcc235c01d3de5d420c55ffad008eb7dea0db7,100,0.167%,836.33,,,,,,,,,,,,,,,,
0x7f7baa1fa53bc81b4f6b6aea5988220882cf9a14,100,0.167%,836.33,,,,,,,,,,,,,,,,
0xaf819b022241b5e1c93e58b6c8eb3fad58570ee8,100,0.167%,836.33,,,,,,,,,,,,,,,,
0xcd0c2cc9b5e73ba272d6e7f0434735ca8d7d88d1,100,0.167%,836.33,,,,,,,,,,,,,,,,
0xe24fe13dc0608485c01add8ca3be999778d60740,100,0.167%,836.33,,,,,,,,,,,,,,,,
0x3c9aa8af161464c3e0829872906bdb1e6a5a1e4c,100,0.167%,836.33,,,,,,,,,,,,,,,,
0x5f79c4d427e4d31cc2425bf42ea9ad3a34a24690,100,0.167%,836.33,,,,,,,,,,,,,,,,
0x4dda47d447043b301e490432e91dfa7d9b03031e,100,0.167%,836.33,,,,,,,,,,,,,,,,
0xd3a82f3120acc06b417cf8bbefee0750cf15b1dc,100,0.167%,836.33,,,,,,,,,,,,,,,,
0xc871bcc4ffb66da4a873de8a9450d32d686e7c7e,100,0.167%,836.33,,,,,,,,,,,,,,,,
0x262b78a79abdff2bd80ad2f12612f6683aece3ce,100,0.167%,836.33,,,,,,,,,,,,,,,,
0x4da6acc0f2d770efe7d14ff2a6953ebf4b4a35d1,100,0.167%,836.33,,,,,,,,,,,,,,,,
0x96689cc3113d7db5844593382009aeb4dff6bf27,100,0.167%,836.33,,,,,,,,,,,,,,,,
0xa1a2786b129c5b003de888a0e99873ac8c7b416a,100,0.167%,836.33,,,,,,,,,,,,,,,,
0x1be9e29b4d175b525d64fa94937fc9d3de970636,100,0.167%,836.33,,,,,,,,,,,,,,,,
0xab70d7bfe02af20f420023d2dc61983bdf33a0c2,100,0.167%,836.33,,,,,,,,,,,,,,,,
0x05f50c3a2f57b934063005a4223112243f5294ae,100,0.167%,836.33,,,,,,,,,,,,,,,,
0x5d6eec748761591d109f8c73cb0a140beb7ede25,100,0.167%,836.33,,,,,,,,,,,,,,,,
0x3c97bb0c84a2f108ecec508be1d5be39eea8c64e,100,0.167%,836.33,,,,,,,,,,,,,,,,
0x453ce2fc6f590e5af3d83c38edd7add77dee0110,100,0.167%,836.33,,,,,,,,,,,,,,,,
0x95523f6ef99ccc406c3f81f1b15ad6f5a11d9f8d,100,0.167%,836.33,,,,,,,,,,,,,,,,
0x1d536432ddf28f57d3fbf9c84160fa7a94b701c3,100,0.167%,836.33,,,,,,,,,,,,,,,,
0x3f83ef64b4f8d0c0b478ac5206e5d36f9077c86f,100,0.167%,836.33,,,,,,,,,,,,,,,,
0xa5fe94bc1e5c7d7d10ec79cfe13467ae41f00f7a,100,0.167%,836.33,,,,,,,,,,,,,,,,
0x5fc2709945735de4ec3c60e49099356274528125,100,0.167%,836.33,,,,,,,,,,,,,,,,
0x3c2b81a3cf5bf57cc2a4d37cc713c0c439a095a4,100,0.167%,836.33,,,,,,,,,,,,,,,,
0xe9456e18f8c9519eefd0525df7bac1e9ab46de1b,100,0.167%,836.33,,,,,,,,,,,,,,,,
0x450b39df9d3bc24d66e6bc3e1feb0065bf250aa7,100,0.167%,836.33,,,,,,,,,,,,,,,,
0xada339cd9a92c77b35c0c810f9c65bf3397a5d1f,100,0.167%,836.33,,,,,,,,,,,,,,,,
0xecd09bb27927ab28e115b7ee0fe8f8d5f79eb84c,100,0.167%,836.33,,,,,,,,,,,,,,,,
0xad660b44737d123ffdb13a5a90e7c5ebbb418b67,100,0.167%,836.33,,,,,,,,,,,,,,,,
0xa3908b338a2a0f5208ba7fc87a5feffe3e515696,100,0.167%,836.33,,,,,,,,,,,,,,,,
0xfb1a0f7ec49eeaf6715cd60d7549e5f71d89f82d,100,0.167%,836.33,,,,,,,,,,,,,,,,
0xfce2a4998144c5bd2ebc3aa5dca2e8b017cb08c1,100,0.167%,836.33,,,,,,,,,,,,,,,,
0xa52fef475f397f8e9b185c9f7ed4a250b9dddd9a,100,0.167%,836.33,,,,,,,,,,,,,,,,
0x59b1200e3107077de7e47d082d379ac11ba135c0,100,0.167%,836.33,,,,,,,,,,,,,,,,
0xfc26db5a16e079f4ab8ea96dbdc61139edc770a3,100,0.167%,836.33,,,,,,,,,,,,,,,,
0xfaeb3552d0326ef5370ffd435a9578e670adc49e,100,0.167%,836.33,,,,,,,,,,,,,,,,
0x3a9f31aeb69b680f3d9bc4feb3dec9cbebb7693a,100,0.167%,836.33,,,,,,,,,,,,,,,,
0x2321be6a98555762e7fa053624116f1249da4716,100,0.167%,836.33,,,,,,,,,,,,,,,,
0x7e5330f073e6b455e772cadcc1f80c3d6ee59f47,100,0.167%,836.33,,,,,,,,,,,,,,,,
0xcc43cebf4ac39f955846637b2fd8c08ac61c4339,100,0.167%,836.33,,,,,,,,,,,,,,,,
0xed5269ed3db1a75ade7928f38a2ac32ac090d2a2,100,0.167%,836.33,,,,,,,,,,,,,,,,
0xee5eff35d4072ec02e51b0aa22eaeff186c2dabb,100,0.167%,836.33,,,,,,,,,,,,,,,,
0x23794fb81cef78936dbe7173125f9c738f020f43,100,0.167%,836.33,,,,,,,,,,,,,,,,
0x63eb021aefd3aad49a5edd7b547707fb9b19f1bb,100,0.167%,836.33,,,,,,,,,,,,,,,,
0x01b86aeebcd1ff94ac1195cfc8fd9e39db24db45,100,0.167%,836.33,,,,,,,,,,,,,,,,
0xc5882aa7628220f03aaaf23153b167f52ee9c5f4,100,0.167%,836.33,,,,,,,,,,,,,,,,
0x021998c02d57c47baccce78b77ce5db3fc306ab8,100,0.167%,836.33,,,,,,,,,,,,,,,,
0xb9f7d053f300eebf9a87dd0fa343930d0d89dcbc,100,0.167%,836.33,,,,,,,,,,,,,,,,
0x3c7a4bc5a6ee491c35fa95eca107cd5589c91e34,100,0.167%,836.33,,,,,,,,,,,,,,,,
0x335a443b9110bd635780fdc74790b6eff19a1f9c,100,0.167%,836.33,,,,,,,,,,,,,,,,
0x706f7ba78889959fa582a484134f0c38abe6f732,100,0.167%,836.33,,,,,,,,,,,,,,,,
0xe1087b9e50d72baa3176963bb3b08395ad3899a4,100,0.167%,836.33,,,,,,,,,,,,,,,,
0xff75b36bfe23d5a19a4970d931b21cb9f0398a0a,100,0.167%,836.33,,,,,,,,,,,,,,,,
0xaeb894bbeb4e48bb496226beef6b4137dcd468d2,100,0.167%,836.33,,,,,,,,,,,,,,,,
0xb609de87a224d0ccbb20aea3e272f77fdbc5a548,100,0.167%,836.33,,,,,,,,,,,,,,,,
0x311c8ba2599b64522605a32f656d3f15d6396a5d,100,0.167%,836.33,,,,,,,,,,,,,,,,
0x3be609ecd004f60211e211e8dcaae09bcc205420,100,0.167%,836.33,,,,,,,,,,,,,,,,
0x575e0978505344a804823d05e1bce36185308a00,100,0.167%,836.33,,,,,,,,,,,,,,,,
0x9ec3c81d70e12ff833722d133b0810073273b1d6,100,0.167%,836.33,,,,,,,,,,,,,,,,
0x5b261d60448555cbf6772f1aa57045b545b7cd10,100,0.167%,836.33,,,,,,,,,,,,,,,,
0xb91c5c374116c238440157bdc21e6ea76604f1db,100,0.167%,836.33,,,,,,,,,,,,,,,,
0x17480269103641cbc44b304474104d8cfadf5ebf,100,0.167%,836.33,,,,,,,,,,,,,,,,
0x8aae28f624b6fd95299324287ae79ad4d0169809,100,0.167%,836.33,,,,,,,,,,,,,,,,
0x527b49bb601e95e3a8e27d485ba161d7cae00650,100,0.167%,836.33,,,,,,,,,,,,,,,,
0xc20c348cfcfdbe07d70da115274a9ac94bcb870d,100,0.167%,836.33,,,,,,,,,,,,,,,,
0xc3a9bf04d1b98967f5b8360f388f5ca100b41762,100,0.167%,836.33,,,,,,,,,,,,,,,,
0x7cefa3891caa822f858d16fd8955b86af24df19a,100,0.167%,836.33,,,,,,,,,,,,,,,,
0x8b45706f49474733febd09dd2c96e39ff5fd5ecd,100,0.167%,836.33,,,,,,,,,,,,,,,,
0x12f2a63686ee86e6d915cee4fc019eb31d5027c5,100,0.167%,836.33,,,,,,,,,,,,,,,,
0xfa3cc3ee78164f05b38bba2ad64818a20c96163f,100,0.167%,836.33,,,,,,,,,,,,,,,,
0x1bf05274f26719e4dc9ec6a48edd4ba794c34a1c,100,0.167%,836.33,,,,,,,,,,,,,,,,
0xdc05c54d9724b572b762f9bf7972c7830ccb91b3,100,0.167%,836.33,,,,,,,,,,,,,,,,
0xade0ba142414fbaabd9674cbf335971971fe0e98,100,0.167%,836.33,,,,,,,,,,,,,,,,
0x320231504ebd0df2421cb922856a254d1a66c705,100,0.167%,836.33,,,,,,,,,,,,,,,,
0x38adc9bea5e69218bfea49e9a1d41fbc1d0dbe17,100,0.167%,836.33,,,,,,,,,,,,,,,,
0x3844a388c886717d4df4dd24a9ab8f9e42447842,100,0.167%,836.33,,,,,,,,,,,,,,,,
0x7b0eba6dbe9527064b0ff867747d911d1e0e7538,100,0.167%,836.33,,,,,,,,,,,,,,,,
0xa8ea81bfa4d6c88316e282212cceba9fd0305ff6,100,0.167%,836.33,,,,,,,,,,,,,,,,
0x17e2fa21d35d8b61dd64e65574e03e59e3d4b409,100,0.167%,836.33,,,,,,,,,,,,,,,,
0x9f73d3da3bb7fbc0ffe9d064f9def9adb29cdea3,100,0.167%,836.33,,,,,,,,,,,,,,,,
0xf71f44fc31a395608df5de81bac525345d561f00,100,0.167%,836.33,,,,,,,,,,,,,,,,
0x9980890b8dcc3a6ff9ac03de638b62c0e3a15bb9,100,0.167%,836.33,,,,,,,,,,,,,,,,
0x0041a0a3bd3bf5c325e81064a711acdd79bbf9ca,100,0.167%,836.33,,,,,,,,,,,,,,,,
0xcb854cbd3c3916049c3e1ab922ef7b19622f642c,100,0.167%,836.33,,,,,,,,,,,,,,,,
0x1ce0f4e59f69bff9fd1be0dc67dbc6a9006599a1,100,0.167%,836.33,,,,,,,,,,,,,,,,
0x8a5ee8277a6ab6e94f5fc7b5556d7a4ad524649b,100,0.167%,836.33,,,,,,,,,,,,,,,,
0xadea5f197eb0ee6ddbeadef1a34f449e510d36b1,100,0.167%,836.33,,,,,,,,,,,,,,,,
0xfffbd9696ac695f214f989fef439136878929d54,100,0.167%,836.33,,,,,,,,,,,,,,,,
0x6b04ea8a5b16f19cdbcc668650dc63d50eea044d,100,0.167%,836.33,,,,,,,,,,,,,,,,
0xc52e97df9345505457d3006722664807d2855945,100,0.167%,836.33,,,,,,,,,,,,,,,,
0x0fed295cb6520f1fc22c263273f01759a708e2e1,100,0.167%,836.33,,,,,,,,,,,,,,,,
0x0419c0da45f4206698ba314c90d6494a66985b4d,100,0.167%,836.33,,,,,,,,,,,,,,,,
0xb9a87fc6b19566ca113f3af0462419c353e1d626,100,0.167%,836.33,,,,,,,,,,,,,,,,
0x6b13ff68b481500e6aa4689a68140dd250117d75,100,0.167%,836.33,,,,,,,,,,,,,,,,
0x63a69db01c5d6d0cd20f1842752fae1014f9e35d,100,0.167%,836.33,,,,,,,,,,,,,,,,
0x5a63cdc5705676df3f4cb9a78f2c88d491b3b085,100,0.167%,836.33,,,,,,,,,,,,,,,,
0xf999d4af70fed3dd46a4b374aee9f6e78876dc26,100,0.167%,836.33,,,,,,,,,,,,,,,,
0xaf339242247a4ef57eca78bcc2c4c2a5ffff4582,100,0.167%,836.33,,,,,,,,,,,,,,,,
0xbcb1b4687df7847dff80c6175be2c2fc59fc99fe,100,0.167%,836.33,,,,,,,,,,,,,,,,
0x1941bc576b2551dbb544a5a72d9a272bba2824cd,100,0.167%,836.33,,,,,,,,,,,,,,,,
0x7c779bc34fd4ed0110fa349677debdb7dfdd6216,100,0.167%,836.33,,,,,,,,,,,,,,,,
0x04ddce22e6ae0e149aefad50acc847638504eb47,100,0.167%,836.33,,,,,,,,,,,,,,,,
0xef00e95732a930ed1f6662357d4842104b4f833f,100,0.167%,836.33,,,,,,,,,,,,,,,,
0x320815d20c0887a12465cd67b168a62ab2a8ca84,100,0.167%,836.33,,,,,,,,,,,,,,,,
0x998c9bb2de1e559655da6d85ac5ee7e486c42b9d,100,0.167%,836.33,,,,,,,,,,,,,,,,
0xd50b853b5e96248ae9cd92b9feeb35b44f465442,100,0.167%,836.33,,,,,,,,,,,,,,,,
0x10a01d1a486ecd8d32af02d7c7eeb95a39dbeb58,100,0.167%,836.33,,,,,,,,,,,,,,,,
0x2eb0db4388673e3dba67955cbf3002a29b00345c,100,0.167%,836.33,,,,,,,,,,,,,,,,
0x05e37cb174334b75a5854991eab5c621f7ea22fa,100,0.167%,836.33,,,,,,,,,,,,,,,,
0x4c189208f1a6e4275588b146b5eb7c3e9a4faa9d,100,0.167%,836.33,,,,,,,,,,,,,,,,
0x27a9602f6336c1e97d8af64888da4793395a1c06,100,0.167%,836.33,,,,,,,,,,,,,,,,
0x517e54e4baa30f0d228f60d27320ba39b7ab0f63,100,0.167%,836.33,,,,,,,,,,,,,,,,
0xc31203431e55e68f5084d04f1fd137d64c5c2ad1,100,0.167%,836.33,,,,,,,,,,,,,,,,
0x5695a41f3c5ce91fe1fa3aea65eccc232b1e0c62,100,0.167%,836.33,,,,,,,,,,,,,,,,
0x52a0d9b270d6dce957edec2eb05612834ddf61a0,100,0.167%,836.33,,,,,,,,,,,,,,,,
0x6f5ea2d4abcbea3f8caf73da8b33625a7249b2bb,100,0.167%,836.33,,,,,,,,,,,,,,,,
0x5d64e961374b612b2f2ef617e8dc02b75de101ef,100,0.167%,836.33,,,,,,,,,,,,,,,,
0x6e50d4e62a19f24ad336da31ae0a7cc0d9789544,100,0.167%,836.33,,,,,,,,,,,,,,,,
0x42b1dc92e5a66d9cc74f260be9f9eb0f0f75e47e,100,0.167%,836.33,,,,,,,,,,,,,,,,
0xca4cd9ef5cf4aaacf3fa65eafb78a56c29aa48a0,100,0.167%,836.33,,,,,,,,,,,,,,,,
0x5682bc9579895cdb7209157a8aa276672f3a1965,100,0.167%,836.33,,,,,,,,,,,,,,,,
0x0d54e98680aa3f63d1d645a511f4bdac9eb26060,100,0.167%,836.33,,,,,,,,,,,,,,,,
0x6dfa853b15553a1a9fa8ae2373ddf21480c1ecd4,100,0.167%,836.33,,,,,,,,,,,,,,,,
0xa3957e7022397a14ffdfedae57eea56c5b0e59bc,100,0.167%,836.33,,,,,,,,,,,,,,,,
0x812962153e25496b4f68f0aa26a66d27cecbb318,100,0.167%,836.33,,,,,,,,,,,,,,,,
0xc6bd5a9d367146e10947dd11f085cfdcd516b91c,100,0.167%,836.33,,,,,,,,,,,,,,,,
0xd1e4c8f86ebedcdfb14da7c9590eea404cf475d7,100,0.167%,836.33,,,,,,,,,,,,,,,,
0x3ec52897dbdf2ef19998b56dddf8afce3058cc1a,100,0.167%,836.33,,,,,,,,,,,,,,,,
0xcded58b98964068a0ad5eaf4e3934a40f719eedc,100,0.167%,836.33,,,,,,,,,,,,,,,,
0x6a2cec6e89b7f164a5580d6b73bf2f613266d626,100,0.167%,836.33,,,,,,,,,,,,,,,,
0xbc8c2dfdf6c760f5e7ab9b526a85e44919b34189,100,0.167%,836.33,,,,,,,,,,,,,,,,
0xadc5743509848e0311903149d547344dedacdfc5,100,0.167%,836.33,,,,,,,,,,,,,,,,
0xa2338189d68408da860d780d6bd37e88a94fc5a3,100,0.167%,836.33,,,,,,,,,,,,,,,,
0xd28312ddff6b68951c065f2312bfdf9fed2152e1,100,0.167%,836.33,,,,,,,,,,,,,,,,
0x2acfb64225c4c32b15533343b7a9c1a16ffcd8f6,100,0.167%,836.33,,,,,,,,,,,,,,,,
0x2604416d838b47a69089d444c5cd712a492d1956,100,0.167%,836.33,,,,,,,,,,,,,,,,
0x0957674eb640a43f159dccfcc3d5d847cec61e6d,100,0.167%,836.33,,,,,,,,,,,,,,,,
0x019739748b80226d12e0b7865d2eab4021dae0e9,100,0.167%,836.33,,,,,,,,,,,,,,,,
0x521692518eb2cc3a3137e5082a864ba562936137,100,0.167%,836.33,,,,,,,,,,,,,,,,
0x011e6dbb20cca18c7c1912a3e03e8ab6dcf19560,100,0.167%,836.33,,,,,,,,,,,,,,,,
0x0b0273c9f03ebb712434b4d39ca368c52a9bc1b5,100,0.167%,836.33,,,,,,,,,,,,,,,,
0xdca01fee2920057036860141043a1dd86f26d0c1,100,0.167%,836.33,,,,,,,,,,,,,,,,
0x997b0cedd9470693dbb1e44486933eda716b30fa,100,0.167%,836.33,,,,,,,,,,,,,,,,
0x34c03cf026cd61d37f5f3d912d56a6d6cf4fe4cb,100,0.167%,836.33,,,,,,,,,,,,,,,,
0xdd03ad6d6ac91f47fa78049b54f03c4709199f86,100,0.167%,836.33,,,,,,,,,,,,,,,,
0xb3e9474651f432632a8db50fe09118e4100746a7,100,0.167%,836.33,,,,,,,,,,,,,,,,
0xe21736864d0e65f3e7e38a000bc7241203e3e1e6,100,0.167%,836.33,,,,,,,,,,,,,,,,
0xf4a6f476f1fa74a69954371cab052a6baef791f8,100,0.167%,836.33,,,,,,,,,,,,,,,,
0x4065de486e7d857bdcb28cb215b91da48c3b5afe,100,0.167%,836.33,,,,,,,,,,,,,,,,
0xa7c18d6dae81cbd6d4a71bf2a168b3c3ba51bfb5,100,0.167%,836.33,,,,,,,,,,,,,,,,
0x60949edb50aea3bf243f72b6980849feff9fcae3,100,0.167%,836.33,,,,,,,,,,,,,,,,
0xe7877356687a01fda1032ffd09f65dee69f3203a,100,0.167%,836.33,,,,,,,,,,,,,,,,
0x305abfa39266683697a23c2f1c747f5d5da8a7cf,100,0.167%,836.33,,,,,,,,,,,,,,,,
0x8958b1f85073b1425959321d340451d1b5e6355f,100,0.167%,836.33,,,,,,,,,,,,,,,,
0x8f847164e0aad3c9b7ee00fb9e594e0ffee18d5e,100,0.167%,836.33,,,,,,,,,,,,,,,,
0xec26d975555b7de5c97a6aa88b4e4a0e5da1137c,100,0.167%,836.33,,,,,,,,,,,,,,,,
0xa3ead24880b30ea60762ded55a842ac1198aa03d,100,0.167%,836.33,,,,,,,,,,,,,,,,
0x27fe5531f9cc0d5f972aff14f448029383d84a34,100,0.167%,836.33,,,,,,,,,,,,,,,,
0xe860f0e874afda1a34a0f86a083688b10cd9619c,100,0.167%,836.33,,,,,,,,,,,,,,,,
0x68d484212d80df6fc1da80b2ff328e4c1e06ecb4,100,0.167%,836.33,,,,,,,,,,,,,,,,
0x37e592d4de66abcc69e1fa55febecf95e3239832,100,0.167%,836.33,,,,,,,,,,,,,,,,
0xc82827db815418e41eaebb2a03432dad786b44f4,99,0.166%,827.97,,,,,,,,,,,,,,,,
0xed660ecd1408ad5e336fa688bf5e32168669637f,99,0.166%,827.97,,,,,,,,,,,,,,,,
0xea92e762492a6fdd214492356663277e694f6edd,99,0.166%,827.97,,,,,,,,,,,,,,,,
0xb6c9ee6da7f5673d7aafdcaae09da9f93427d886,99,0.166%,827.97,,,,,,,,,,,,,,,,
0x535e55bee88a79f4e1f1d4eaf154d38d4cea809e,99,0.166%,827.97,,,,,,,,,,,,,,,,
0x9bac19e83ce2b6bb5668b10217a4536315beb786,99,0.166%,827.97,,,,,,,,,,,,,,,,
0x3e0cafcb4750851b2da7d568c6b9c18276ae814e,99,0.166%,827.97,,,,,,,,,,,,,,,,
0xd12ca9514cafcd7261bed5005a2405c9c8263ad3,99,0.166%,827.97,,,,,,,,,,,,,,,,
0xf776ef192141daf1961663a74cca78c8dae44323,99,0.166%,827.97,,,,,,,,,,,,,,,,
0xb1692472b4a5331338dc985ee5b9c478f6f0b445,99,0.166%,827.97,,,,,,,,,,,,,,,,
0x2f374f7edff868f53add0fbdb7af8c9d1907d1a8,99,0.166%,827.97,,,,,,,,,,,,,,,,
0xf7beafadb8e24f0088f0e8a5e4b661be7e6f9738,99,0.166%,827.97,,,,,,,,,,,,,,,,
0x10c151a4e196bf3760dc0afa5993613ca00d66bd,99,0.166%,827.97,,,,,,,,,,,,,,,,
0x140cd07bbc7e55f796eaf219ca2536d5a33921a3,99,0.166%,827.97,,,,,,,,,,,,,,,,
0x5d2aff7527725a9eddcadfbd74abad48f6ca37a5,99,0.166%,827.97,,,,,,,,,,,,,,,,
0x79b0bdb274e4ae741a12235b377e53a79284ded4,99,0.166%,827.97,,,,,,,,,,,,,,,,
0x7d0834c2c3c22eee78d366f92f1e318eecddef0d,99,0.166%,827.97,,,,,,,,,,,,,,,,
0x2af6d632a10653c2d847cab3a69ba4438772612a,99,0.166%,827.97,,,,,,,,,,,,,,,,
0x67854a73cefecee5b2c14f8f800330a9009c3e36,99,0.166%,827.97,,,,,,,,,,,,,,,,
0x1b6ded046b31967d398ff6602b28063eee4b86de,99,0.166%,827.97,,,,,,,,,,,,,,,,
0x1457088e6bb9e10c590191a3616ffec0a40cd4c6,99,0.166%,827.97,,,,,,,,,,,,,,,,
0xc2c8f0de66c97a9a744108ad22f511372ba81a19,99,0.166%,827.97,,,,,,,,,,,,,,,,
0x417097253c10ef5ab5ae0549baa6d1c834d69c29,99,0.166%,827.97,,,,,,,,,,,,,,,,
0xbf2ac4db5f1266ec8348839ca08dc6601555c287,99,0.166%,827.97,,,,,,,,,,,,,,,,
0x8dfae3c2e12a1ec9cc96261a7e6345c69b385fc7,99,0.166%,827.97,,,,,,,,,,,,,,,,
0xd91a38a169e1715ce496ceb10953c1607bf6fa13,99,0.166%,827.97,,,,,,,,,,,,,,,,
0x00a15b6d926b6603fa3d2c6392c24720ca20a8d7,98,0.164%,819.60,,,,,,,,,,,,,,,,
0xb6b752843df602fbe4cfabad6f505e661f30538d,98,0.164%,819.60,,,,,,,,,,,,,,,,
0xa00dc43c0dca95fe53fe450b9dc674f9aa3a8876,98,0.164%,819.60,,,,,,,,,,,,,,,,
0xcd1f4e7db9415f781be1975b06fe7b7ff180c399,98,0.164%,819.60,,,,,,,,,,,,,,,,
0x1cc2c2b1492dc7d9fb752454612ab4499e438968,98,0.164%,819.60,,,,,,,,,,,,,,,,
0x3064e099410bfe413d5f53c48c2d8927cf0623bc,98,0.164%,819.60,,,,,,,,,,,,,,,,
0xae550fa8fbeb64b1c49f6034730e5ef5c4db1c4a,98,0.164%,819.60,,,,,,,,,,,,,,,,
0x5bbc96af6e8b2b3dc2ef2392f613f8f8525d7a9c,98,0.164%,819.60,,,,,,,,,,,,,,,,
0x0e91ea12ce0a147e045575914269931e144ac317,98,0.164%,819.60,,,,,,,,,,,,,,,,
0x7c61f28a34c00a1674f1aeb6a615197d2aa8ef58,98,0.164%,819.60,,,,,,,,,,,,,,,,
0xe4ef024d202d75f78d222d834dd4216be3fbb371,98,0.164%,819.60,,,,,,,,,,,,,,,,
0xfa7db32bd548ad5d058186985c0248d1bdec68c9,98,0.164%,819.60,,,,,,,,,,,,,,,,
0x9143e3180991ad0924d771c6c060e4baa96a75f5,98,0.164%,819.60,,,,,,,,,,,,,,,,
0xf6f94f5f638d8b10763506cd3354fa3143e72480,98,0.164%,819.60,,,,,,,,,,,,,,,,
0xbd3f6b0097ac0f1acba806ccde437d5c54034045,98,0.164%,819.60,,,,,,,,,,,,,,,,
0xe4b5634eb80817320e9cc491afb2d795856bff9d,98,0.164%,819.60,,,,,,,,,,,,,,,,
0x038a5d37744945d3dfd902fa94aa2cc62bd65415,98,0.164%,819.60,,,,,,,,,,,,,,,,
0xa5cad35246c32fbf9735b49b13193f3eabe824ff,98,0.164%,819.60,,,,,,,,,,,,,,,,
0xc548c23e09b60ff57e05c562921cfa782ab15232,98,0.164%,819.60,,,,,,,,,,,,,,,,
0x11c29271678e4a6eaae615c79b85a302a25101c3,98,0.164%,819.60,,,,,,,,,,,,,,,,
0x31cb310d8abccb213b9641de421bf162ce3bfd11,98,0.164%,819.60,,,,,,,,,,,,,,,,
0xca6d107cb9178b42c87809320d10c951b2cece00,98,0.164%,819.60,,,,,,,,,,,,,,,,
0xf995042240f6f186f5556e5b4f22e7b4e90bd8c5,98,0.164%,819.60,,,,,,,,,,,,,,,,
0x21a0a2eba60b65d8069d122ebbc5f563ae3b46cb,98,0.164%,819.60,,,,,,,,,,,,,,,,
0xea60365f4f3f17a372f98d32d37099c7827e5a32,98,0.164%,819.60,,,,,,,,,,,,,,,,
0x2182eef8f4de53003f35bf4131914e0787395528,98,0.164%,819.60,,,,,,,,,,,,,,,,
0x58f60779a19c33efe2a66bb4da353dd6f8f0e63e,97,0.162%,811.24,,,,,,,,,,,,,,,,
0x668af513a9dff54153afbea53ffd34f88b11aebb,97,0.162%,811.24,,,,,,,,,,,,,,,,
0x950b8caf3829e5763f5c4570f6b9457fa2c111d7,97,0.162%,811.24,,,,,,,,,,,,,,,,
0xd51964fd50ec1a2b19b0bf853958f35ef78d3717,97,0.162%,811.24,,,,,,,,,,,,,,,,
0x9961829ee6f8c762f853f8e8d758708d5f49f2a0,97,0.162%,811.24,,,,,,,,,,,,,,,,
0xe1b748164d2860363253558ba17fe042efe72c15,97,0.162%,811.24,,,,,,,,,,,,,,,,
0x9b94139a57126a446171ac96b1c4baaad446745e,97,0.162%,811.24,,,,,,,,,,,,,,,,
0x15558823d1c8c7f47935b732a8363587b6a53997,97,0.162%,811.24,,,,,,,,,,,,,,,,
0x22419ca2e67fded09e42d09248f3ac80a04a2103,97,0.162%,811.24,,,,,,,,,,,,,,,,
0x293689e21925e73878d9ff5c6e607a05ea2120c4,97,0.162%,811.24,,,,,,,,,,,,,,,,
0xae0eae7a8171264346fbd521f2cd3cb2e5cce4a7,97,0.162%,811.24,,,,,,,,,,,,,,,,
0xe24eb37381ebf4e6d4606865c3ae81b7e6afb3c8,97,0.162%,811.24,,,,,,,,,,,,,,,,
0x29d2ce43a6596bc15a589a4550cc23aeeaf70eba,97,0.162%,811.24,,,,,,,,,,,,,,,,
0xe76ef9fbb8f9f936102fc2cef2d99a2be124dd09,97,0.162%,811.24,,,,,,,,,,,,,,,,
0xe3b888ccf086c4a1b48d778e0bdfff9907eaddf3,97,0.162%,811.24,,,,,,,,,,,,,,,,
0xefddb4fddc259bb9caf9ed530d11d44393aada2b,97,0.162%,811.24,,,,,,,,,,,,,,,,
0x9e61d65537013628413f0979ff4ab2961c501052,97,0.162%,811.24,,,,,,,,,,,,,,,,
0xf43ec447236eb171193ffd26e4f76d27bb54685a,97,0.162%,811.24,,,,,,,,,,,,,,,,
0x8ad5ea972f73a4cb970742cdf60fd5ed20d9c2c9,97,0.162%,811.24,,,,,,,,,,,,,,,,
0x550a2f5868f03112dfd72b41a470fe78fd5eeb07,97,0.162%,811.24,,,,,,,,,,,,,,,,
0x97898f18182ff25bea4d2b02ecb067a2e0ffaf0d,97,0.162%,811.24,,,,,,,,,,,,,,,,
0xac02a9f447069fc566b8f7a86b603957fcfe2e3b,97,0.162%,811.24,,,,,,,,,,,,,,,,
0x33480a9dbdb00ba0953ca1dc269f700f6b5d9aa0,97,0.162%,811.24,,,,,,,,,,,,,,,,
0x090b94f66d2e1cf9eeb6dfc91669b4414dc3a913,96,0.161%,802.88,,,,,,,,,,,,,,,,
0x381fed605253bdf3278f0e05d788d94763e746e7,96,0.161%,802.88,,,,,,,,,,,,,,,,
0x488b12d1ed05203f7d3444f336eea62cf08cbcbb,96,0.161%,802.88,,,,,,,,,,,,,,,,
0xbfb2a74f617e1f73410b9ff267118449e61025f4,96,0.161%,802.88,,,,,,,,,,,,,,,,
0x269b4eb14fa34be3ad897ca4557ca5dbc5f95788,96,0.161%,802.88,,,,,,,,,,,,,,,,
0x2723ed278508c283c7476014bc9189b71969cca2,96,0.161%,802.88,,,,,,,,,,,,,,,,
0x7ca73b0f134e36b2a93551b9e213c256907aef9c,96,0.161%,802.88,,,,,,,,,,,,,,,,
0x5a12eb160cd6c644d7b4b64f83e5759bb89aa9e1,96,0.161%,802.88,,,,,,,,,,,,,,,,
0x85c98e60b1a2e72fddbc5a6011cf3b2826bf95db,96,0.161%,802.88,,,,,,,,,,,,,,,,
0x30444714f1470823c1072d1ed4c09eba2399d5bd,96,0.161%,802.88,,,,,,,,,,,,,,,,
0x2595b252ba06d4f6c7036e3dd7e370e9aaaf1b47,96,0.161%,802.88,,,,,,,,,,,,,,,,
0x11b784b5b2d9bdc8b3981d9ffe2c6ffee0679aff,96,0.161%,802.88,,,,,,,,,,,,,,,,
0xbb4db465cd5ebc612be2fea06bd27715383ccd06,96,0.161%,802.88,,,,,,,,,,,,,,,,
0x38422a543e99e7fce335a0a7473dc45901a5dcb7,95,0.159%,794.51,,,,,,,,,,,,,,,,
0xb4406a86dc41f8b13c628a3e094e5c43325584b0,95,0.159%,794.51,,,,,,,,,,,,,,,,
0xb64e2e4db5945102c6a3866dfdc02a480dfdc991,95,0.159%,794.51,,,,,,,,,,,,,,,,
0x539510edaa8615e3d35fb55eb2fac7378ca5bed7,95,0.159%,794.51,,,,,,,,,,,,,,,,
0x0f5bbf822eac3ceffbd2a7be894840fd8ab7d0af,95,0.159%,794.51,,,,,,,,,,,,,,,,
0x1f9d4fd51ed1ee8f3e18af09b8dee04a64e660c4,95,0.159%,794.51,,,,,,,,,,,,,,,,
0xacd3ef61b302f27f27241be08a1b0f6160dcb67c,95,0.159%,794.51,,,,,,,,,,,,,,,,
0x2292529dee440aaea973807d19ca5a8231f1c0cb,95,0.159%,794.51,,,,,,,,,,,,,,,,
0x4e9dd326eb7313eb42ca38f0f67e3afcc725b6fa,95,0.159%,794.51,,,,,,,,,,,,,,,,
0x10b5e4f5b3a450b63e1e77e027721fa5ac950eb0,94,0.157%,786.15,,,,,,,,,,,,,,,,
0x58b083c6f11d8e380c0ce76c1a4d6b0433cab5db,94,0.157%,786.15,,,,,,,,,,,,,,,,
0x02643fc04d37817349b71703dacebcbb89763cb2,94,0.157%,786.15,,,,,,,,,,,,,,,,
0x031da36a4be3e2472dfb075fc9423a5f7713ac7b,94,0.157%,786.15,,,,,,,,,,,,,,,,
0xcb3f5f8de562f734b6fed3b13df757b92cefafe5,94,0.157%,786.15,,,,,,,,,,,,,,,,
0x8e91b90ce696eaca36126542de26bbb8d16d5272,94,0.157%,786.15,,,,,,,,,,,,,,,,
0x006998f05385e171c0079b9ae785c8e2b753e637,94,0.157%,786.15,,,,,,,,,,,,,,,,
0x4db5f9e5fe22937a1758962b05362913d12137f1,94,0.157%,786.15,,,,,,,,,,,,,,,,
0x80a46244cb9bed1fa7f6e71ba351aa2922d3ce7b,94,0.157%,786.15,,,,,,,,,,,,,,,,
0x2c9d1999ce7c19732b9be5caa184f327ccc51163,94,0.157%,786.15,,,,,,,,,,,,,,,,
0x3789db6d136eacb1b747ad3fb063b3b15e563ac8,94,0.157%,786.15,,,,,,,,,,,,,,,,
0xcba063503264f15f4ad61ca0c29a839a48d3d495,93,0.156%,777.79,,,,,,,,,,,,,,,,
0x1347785d3d7d89fe0a3e7d57b4b40366da6294cd,93,0.156%,777.79,,,,,,,,,,,,,,,,
0xf63847bd03cbd793f740276d98acb488e72b034a,93,0.156%,777.79,,,,,,,,,,,,,,,,
0x5e2959b0ba61f471c87565d2130da61bd3377936,93,0.156%,777.79,,,,,,,,,,,,,,,,
0x267c84dacb2fc110fe34c111a87774368701f101,93,0.156%,777.79,,,,,,,,,,,,,,,,
0x6ca95dcb8d70467d4489b086fc4fd92f6b5c3efa,93,0.156%,777.79,,,,,,,,,,,,,,,,
0xbbda1105b91a2f2d604a215e146366f3835fa08a,93,0.156%,777.79,,,,,,,,,,,,,,,,
0xceaae5334aeae0dd01dc4c244c15aa52d569597b,93,0.156%,777.79,,,,,,,,,,,,,,,,
0x7fe528a75c61f19801fcd42ce2315cf6e28653e6,93,0.156%,777.79,,,,,,,,,,,,,,,,
0x6bcda93308e5cd262741b880d0b3c581c16fd64a,92,0.154%,769.42,,,,,,,,,,,,,,,,
0x2de81570814c484112efbb1cb1026c8cfbd09d6d,92,0.154%,769.42,,,,,,,,,,,,,,,,
0x52ef18a121e3e11263e7c5d73e26d84772735f38,92,0.154%,769.42,,,,,,,,,,,,,,,,
0xe22ee4c71533170f9325d9e0cd8a01751e1c6827,92,0.154%,769.42,,,,,,,,,,,,,,,,
0xae280149c5682f9cbbf04d4b9c15d4fb3658baba,92,0.154%,769.42,,,,,,,,,,,,,,,,
0xdfcb8bbde474501896d00a7653f1496e8d1d95c5,92,0.154%,769.42,,,,,,,,,,,,,,,,
0x5b2f02c4f8fb354cb5bcd710e0cba9580751d960,92,0.154%,769.42,,,,,,,,,,,,,,,,
0x2dc490917a0a3e66c7afb3201ece08d7fe480605,92,0.154%,769.42,,,,,,,,,,,,,,,,
0x54c9c2e3e573d4a6d3ee76ef92fa07967f0bc68b,92,0.154%,769.42,,,,,,,,,,,,,,,,
0x936ba1a3248a143abdb1542cf9490cf2378cc8b4,91,0.152%,761.06,,,,,,,,,,,,,,,,
0x49bb2c372da6b51871c23792e73e1a9db7a2d0cb,91,0.152%,761.06,,,,,,,,,,,,,,,,
0x6e7a3c935159997e00077d752550112a544e4cc3,91,0.152%,761.06,,,,,,,,,,,,,,,,
0x9a5a865eb95575bce37481feb216708bd6fb2c83,91,0.152%,761.06,,,,,,,,,,,,,,,,
0xe4cda143d6827fa1d642119228aed54072770f85,90,0.151%,752.70,,,,,,,,,,,,,,,,
0x154ec904c044944ca035d40ea06b1c37e8de9cd4,90,0.151%,752.70,,,,,,,,,,,,,,,,
0x273814c822bed0e812e4e410f30a45ebd497daa2,90,0.151%,752.70,,,,,,,,,,,,,,,,
0x0a2509451626837354aaf335c65b44a202bb6ae7,90,0.151%,752.70,,,,,,,,,,,,,,,,
0x8bce5f65b5bc02198af01d9d4a85aec044d375f2,90,0.151%,752.70,,,,,,,,,,,,,,,,
0x0e28b6615845f17736f6acfdd1192a9a997631a9,90,0.151%,752.70,,,,,,,,,,,,,,,,
0xf77aaf9d881e1313aac0f6890d041ad53c757f72,90,0.151%,752.70,,,,,,,,,,,,,,,,
0xa98740891977c4c32db29947e6ee767eec76935d,89,0.149%,744.33,,,,,,,,,,,,,,,,
0xdac7e59eaacb4b0368bbc7737df45a703f79902f,89,0.149%,744.33,,,,,,,,,,,,,,,,
0x3ab80ebca9a81f63204d329b00e0e7d53e304980,89,0.149%,744.33,,,,,,,,,,,,,,,,
0x3116d47ec4e8c5874b20d54180cd3f9f974d030f,89,0.149%,744.33,,,,,,,,,,,,,,,,
0x0cf56467947525175ccc43ec75cf9d217d2bba80,87,0.146%,727.61,,,,,,,,,,,,,,,,
0x55a4fb36104961b6a713a7fe0a5d16c754e71928,87,0.146%,727.61,,,,,,,,,,,,,,,,
0x57cf6d12527c28a0e22ff61a9e3c179def27cbcd,86,0.144%,719.24,,,,,,,,,,,,,,,,
0x61735793c0c18984124e81965c9a7ab3c64929f6,86,0.144%,719.24,,,,,,,,,,,,,,,,
0x9c2fce79e2ecaff2edf0491a51587bc99bc1df37,85,0.142%,710.88,,,,,,,,,,,,,,,,
0x27c9cafff0611e44cda7e5fbdd855184fd94121e,85,0.142%,710.88,,,,,,,,,,,,,,,,
0x161c5ec8b980168173e2295bb7b6601ebc368897,85,0.142%,710.88,,,,,,,,,,,,,,,,
0x2ffa14ab8e6a36da70973a79216b38addf462201,84,0.141%,702.52,,,,,,,,,,,,,,,,
0x4687b7fc8fb7387306043a87740309d7441f9a93,84,0.141%,702.52,,,,,,,,,,,,,,,,
0x242e8b1705144839e2b9e50b44f14cb3f91946ad,84,0.141%,702.52,,,,,,,,,,,,,,,,
0x116404a839965041df571a067d613490fd65c500,82,0.137%,685.79,,,,,,,,,,,,,,,,
0x1dc6571c80a290462bbeef23386885f622015b7e,82,0.137%,685.79,,,,,,,,,,,,,,,,
0xa1723637102d8ea9f41ed6cd2acbb02c86f28f0a,81,0.135%,677.43,,,,,,,,,,,,,,,,
0x5abc6cbbe1b0856340694d7f45559953e79f1094,80,0.134%,669.06,,,,,,,,,,,,,,,,
0x0da57c1592ad65bb6a52c06690edb48a4cafdea9,79,0.132%,660.70,,,,,,,,,,,,,,,,
0x66ec4aaa04f83755476144facc2550ba1abbc982,77,0.129%,643.97,,,,,,,,,,,,,,,,
0xdf4a99af33e5fa0a62f24eeda08ddce08e3e8413,75,0.125%,627.25,,,,,,,,,,,,,,,,
0x89842717d1cc05f21074778c9582e9abe421b1ff,75,0.125%,627.25,,,,,,,,,,,,,,,,
0x0c234d4464f21d4b1820be50800b23565708762c,73,0.122%,610.52,,,,,,,,,,,,,,,,
0xdfecc3d915d11b8466e91968c1b14bffecc0e910,66,0.110%,551.98,,,,,,,,,,,,,,,,
0x01678b8a08473e3bdad109b738b805790d80b18f,65,0.109%,543.61,,,,,,,,,,,,,,,,
0xd30413f9396734b31d8a894dda4fa2ee87029d8f,52,0.087%,434.89,,,,,,,,,,,,,,,,
0x1752ba00ae30d2c432b90dc8555280d3415179a1,51,0.085%,426.53,,,,,,,,,,,,,,,,
0xf384fd5907aaceef038128c5fa11e084e602af92,51,0.085%,426.53,,,,,,,,,,,,,,,,
0xa4c6391d9b0fb2f7910b881c2ae18cde8661fafb,47,0.079%,393.08,,,,,,,,,,,,,,,,
0x5af8cc714b56d875b0e5be08a0df819d6593347f,46,0.077%,384.71,,,,,,,,,,,,,,,,
0x5bc447fcd5bde5542e71ad206fd917c37a11c21c,46,0.077%,384.71,,,,,,,,,,,,,,,,
0x9c1a4dbc3a60dd65610f4d2de55ebc07dde1509d,45,0.075%,376.35,,,,,,,,,,,,,,,,
0xb1ee741f89ff87b81abb68d2429f3766bd824908,42,0.070%,351.26,,,,,,,,,,,,,,,,
0xd7c051b9940a81566b9b940d7b7daf8455a3997b,40,0.067%,334.53,,,,,,,,,,,,,,,,
0xdc182cc949a7f3592bc2bbb89141ea1224ed0d7a,39,0.065%,326.17,,,,,,,,,,,,,,,,
0xb4bd7d410543cb27f42c562ab3ff5dc12fbdd42f,36,0.060%,301.08,,,,,,,,,,,,,,,,
0x8d77f3fbf9e3607638f10d7b866777397cd79441,35,0.059%,292.72,,,,,,,,,,,,,,,,
0x1de57dfcc2a3adf13cf349f04ae5b99ddabb8e2c,33,0.055%,275.99,,,,,,,,,,,,,,,,
0xae850b8517ec3e4d35e03c7ff42b655397879009,28,0.047%,234.17,,,,,,,,,,,,,,,,
0x24bb786191dab2f6619da3b804e6fe4f8380282f,24,0.040%,200.72,,,,,,,,,,,,,,,,
0x1d6afc6fa162f90f394e31e9032924956a238c49,23,0.038%,192.36,,,,,,,,,,,,,,,,
0x51482beaceb76466126b6a70bb471966375627a9,23,0.038%,192.36,,,,,,,,,,,,,,,,
0x4839054db0269e73e8c76a3dfb14fc33d31a1356,20,0.033%,167.27,,,,,,,,,,,,,,,,
0x7bff62ea6aad8e9934820abc61a6d61a68aef25a,17,0.028%,142.18,,,,,,,,,,,,,,,,
0xd0317ca457b5075e8bb4ef888d91da04d8adb447,17,0.028%,142.18,,,,,,,,,,,,,,,,
0xff6488bc526e798af1217f3850a5df84f953debe,17,0.028%,142.18,,,,,,,,,,,,,,,,
0xb681c301ae7d6b6d4686fbc3bde80a713f03acd4,16,0.027%,133.81,,,,,,,,,,,,,,,,
0x37527ed858a23bf88f60ed72eeadbb5c2c4126c9,16,0.027%,133.81,,,,,,,,,,,,,,,,
0x7ec7beaabddcc8c312484778683897038085f311,16,0.027%,133.81,,,,,,,,,,,,,,,,
0xde19ca1007d1c083ef62c3859897cbb64dd20c61,15,0.025%,125.45,,,,,,,,,,,,,,,,
0x20afedd0ffbef33f47ff306121977f5e162f4ada,14,0.023%,117.09,,,,,,,,,,,,,,,,
0x15ad947905a1af35da622f5bf22013ea87171ca2,11,0.018%,92.00,,,,,,,,,,,,,,,,
0x434252596431eb10c50504d3e3d45f6ae3395a7d,10,0.017%,83.63,,,,,,,,,,,,,,,,
0x50199d2b4c28c57e612a3102f683b004db2c9ed3,10,0.017%,83.63,,,,,,,,,,,,,,,,
0xa1cc3c243bc74761106d83bd6e5f0601f35a7e3b,9,0.015%,75.27,,,,,,,,,,,,,,,,
0xe8a4bc3d64edd3829cdf37848a10da68036e891d,9,0.015%,75.27,,,,,,,,,,,,,,,,
0xba13c21129a669635a91bf904d45e42e0fd79962,9,0.015%,75.27,,,,,,,,,,,,,,,,
0x998e00fddaa885024aa39ecb378c10b05e895f6d,8,0.013%,66.91,,,,,,,,,,,,,,,,
0xbf98e5fef825ccd68dcff3cf0a766fab413d6207,8,0.013%,66.91,,,,,,,,,,,,,,,,
0x7229e1d14a2bb38a224f78ee0dc9430de01b82f4,7,0.012%,58.54,,,,,,,,,,,,,,,,
0xba390a7db70f11e51df11a392be730882e0fdf62,7,0.012%,58.54,,,,,,,,,,,,,,,,
0x6c8e16920506e08fca21009dfb4150c47f8ef7f6,7,0.012%,58.54,,,,,,,,,,,,,,,,
0xa9d9a4bb58a0b7d0238d7e0af61b084d1eab07bc,7,0.012%,58.54,,,,,,,,,,,,,,,,
0x6f4a170d62a135e4b360ba7ed14ac80d09e1fb4a,7,0.012%,58.54,,,,,,,,,,,,,,,,
0x2aa938cd427b4e76bd332e033f8bfdbd6f19f4ec,7,0.012%,58.54,,,,,,,,,,,,,,,,
0x348cd8f60c3482ba36fcc23317d16eb8cf64f135,7,0.012%,58.54,,,,,,,,,,,,,,,,
0x38d9e2a548b2015abbae5b519a58d40a0457a666,7,0.012%,58.54,,,,,,,,,,,,,,,,
0x53c149a61ddc8d802bdaed85f100176fc805bd9d,7,0.012%,58.54,,,,,,,,,,,,,,,,
0x3aa396f18023983e24d5693e81641bdbc844025c,6,0.010%,50.18,,,,,,,,,,,,,,,,
0x0f74a5dc4d846b7075df6bd2cdf9861945577d4b,6,0.010%,50.18,,,,,,,,,,,,,,,,
0x90f0bc22c517e1dc65c7b37bcbfe62c7df5d72c0,6,0.010%,50.18,,,,,,,,,,,,,,,,
0x8e8a4d5352ad53c383ccf91faccb66e470ed893d,6,0.010%,50.18,,,,,,,,,,,,,,,,
0x295377257359643f3c149089fce8a2457e81da2b,6,0.010%,50.18,,,,,,,,,,,,,,,,
0x7f4a4187b4e2ae206eb76575b5def0dc097ff800,6,0.010%,50.18,,,,,,,,,,,,,,,,
0x2c0a9da1a97555107d7e5dd46870f9a53ae2d42d,6,0.010%,50.18,,,,,,,,,,,,,,,,
0xbdb58543171eac219fd2e5b01891349983f5c2b0,5,0.008%,41.82,,,,,,,,,,,,,,,,
0x0d7d21ef28a1a6dccc0b441c6f9d6319081ada9e,5,0.008%,41.82,,,,,,,,,,,,,,,,
0xeec5d3a7d137978b069df8d0765dc86140b7f244,5,0.008%,41.82,,,,,,,,,,,,,,,,
0x00526c47d9c57531497f90571093ff84bb0307e4,5,0.008%,41.82,,,,,,,,,,,,,,,,
0x057efc51bbc687a2474741f1568ce9f8f54aff99,5,0.008%,41.82,,,,,,,,,,,,,,,,
0xf6ea84f3502c324a845bbf59b01a35c24a873f6e,5,0.008%,41.82,,,,,,,,,,,,,,,,
0xc6a707017b8e7a252b2eae13d8018840413f254c,5,0.008%,41.82,,,,,,,,,,,,,,,,
0x6a8dde96c8eaa4ad419c3a27608056220ab76439,5,0.008%,41.82,,,,,,,,,,,,,,,,
0xe9953db938bf5ce7f086c502f6eb06a8dff6fcc7,5,0.008%,41.82,,,,,,,,,,,,,,,,
0x1c7643d4cfba1c5e8538c428aa24cff912d59eeb,5,0.008%,41.82,,,,,,,,,,,,,,,,
0x7609ee89dce7858f487b2062a45057558f11c1c6,5,0.008%,41.82,,,,,,,,,,,,,,,,
0xa553aaadb8b077b69127e717749b16496250aabd,4,0.007%,33.45,,,,,,,,,,,,,,,,
0x890c977b38524dff35636a4e63d3b6a98d846ae0,4,0.007%,33.45,,,,,,,,,,,,,,,,
0x729bc1bd0e6720ecdbf4f1e4126d7a68dde4611d,4,0.007%,33.45,,,,,,,,,,,,,,,,
0xc89dd6ba454a46de7d884aa01fcba767a7d06ae8,4,0.007%,33.45,,,,,,,,,,,,,,,,
0xe571315c10408949265323c8190a0723e728ef1c,4,0.007%,33.45,,,,,,,,,,,,,,,,
0x54b9d7171ff14164e90a5a0e5343d74c0747b340,4,0.007%,33.45,,,,,,,,,,,,,,,,
0xca67ce50a6a7438d5d6f3db9e4215cf6d4f6198b,3,0.005%,25.09,,,,,,,,,,,,,,,,
0x8d544cfbff2e2a6cbd4eb4057cdb93549752085e,3,0.005%,25.09,,,,,,,,,,,,,,,,
0x98fd9aa3c37c32261617e09793fb715b77081799,3,0.005%,25.09,,,,,,,,,,,,,,,,
0x39b00cc1cab25480aee3eb407563940995fe89c9,3,0.005%,25.09,,,,,,,,,,,,,,,,
0xc369204a652264430f475584d9fac855913e9045,3,0.005%,25.09,,,,,,,,,,,,,,,,
0x7b19ca3c9c8d865f7659f3d486a1d47b9ba6f0de,2,0.003%,16.73,,,,,,,,,,,,,,,,
0xc2d5cfcf41d971d0c99715d3a0c38c6e0ce4ed53,2,0.003%,16.73,,,,,,,,,,,,,,,,
0xb90c0e83f27d34fd838682da1fe7ea0c00bfa251,2,0.003%,16.73,,,,,,,,,,,,,,,,
0xd30ba0b5a73ab05099c2436774964d1930846178,2,0.003%,16.73,,,,,,,,,,,,,,,,
0x50c0ba78c42e80f254af3faa788fd80b8486ee3b,1,0.002%,8.36,,,,,,,,,,,,,,,,
0xd43eb3e2a19a274131f73cf5fa139cbb3cd37e06,1,0.002%,8.36,,,,,,,,,,,,,,,,
,,,500000.00,,,,,,,,,,,,,,,,